battle_slug,side,casualties_low,casualties_high,confidence,source_slug
1842_retreat_from_kabul_b,Empire britannique,16600,16600,medium,
1939_1940_winter_offensive_b,Empire of Japan,20000,20000,medium,
1939_1940_winter_offensive_b,Republic of China,64432,64432,medium,
1939_invasion_of_poland_b,Germany,59000,59000,medium,
1939_invasion_of_poland_b,Poland,874700,874700,medium,
1975_spring_offensive_b,North Vietnam,23999,23999,medium,
1975_spring_offensive_b,South Vietnam,30000,30000,medium,
1986_united_states_bombing_of_libya_b,États-Unis,111,111,medium,
2003_invasion_of_iraq_b,Iraq,11000,45000,medium,
2008_2009_battle_of_kilinochchi_b,Sri Lanka,1000,1000,medium,
2011_military_intervention_in_libya_b,Libyan Arab Jamahiriya,1000,1000,medium,
2015_2016_latakia_offensive_b,Syrian Arab Republic,2016,2016,medium,
2016_sirte_offensive_b,Government of National Accord,4000,4000,medium,
2016_sirte_offensive_b,Islamic State,2500,2500,medium,
2017_hawija_offensive_b,Islamic State of Iraq and the Levant,1000,1000,medium,
2020_2021_us_troop_withdrawal_from_afghanistan_b,NATO,2021,2021,medium,
2021_taliban_offensive_b,Islamic Republic of Afghanistan,1537,1537,medium,
2021_taliban_offensive_b,Taliban,9819,9819,medium,
2022_kharkiv_counteroffensive_b,Russia,1500,1500,medium,
2022_kherson_counteroffensive_b,Russia,1200,1360,medium,
2022_kherson_counteroffensive_b,Ukraine,9500,9500,medium,
2023_homs_drone_strike_b,République arabe syrienne,129,277,medium,
2024_syrian_opposition_offensives_b,Syrian opposition,1000,1000,medium,
2025_india_pakistan_conflict_b,Inde,400,400,medium,
action_at_bronkhorstspruit_b,Royaume-Uni,156,156,medium,
action_of_12_december_1779_b,Reino Unido,337,337,medium,
action_of_13_january_1797_b,République française,103,500,medium,
action_of_13_january_1797_b,Royaume de Grande-Bretagne,250,250,medium,
action_of_14_september_1779_b,España,180,180,medium,
action_of_18_october_1782_b,Royaume de France,550,550,medium,
action_of_19_january_1799_b,Великобритания,120,120,medium,
action_of_22_september_1914_b,United Kingdom,1459,1459,medium,
action_of_23_april_1794_b,République française,100,100,medium,
action_of_31_march_1800_b,Reino Unido,128,200,medium,
action_of_6_may_1801_b,Royaume d'Espagne,263,263,medium,
action_of_6_november_1772_b,Empire ottoman,200,200,medium,
action_of_8_september_1796_b,Repubblica Francese,104,104,medium,
admirable_campaign_b,Empire espagnol,6000,6000,medium,
al_hawl_offensive_b,État islamique,112,493,medium,
al_jawf_offensive_b,Cabinet of Yemen,1200,1200,medium,
aland_offensive_b,Sweden,1750,1750,medium,
alhucemas_landing_b,Spain,2336,2336,medium,
allied_intervention_in_the_russian_civil_war_b,Allied Powers,4112,4112,medium,
allied_invasion_of_italy_b,Germany,3500,3500,medium,
allied_invasion_of_italy_b,United Kingdom,2009,2009,medium,
allied_invasion_of_sicily_b,Italy,4678,4678,medium,
allied_invasion_of_sicily_b,United States,2938,2938,medium,
altmark_incident_b,Royaume-Uni,299,299,medium,
anbar_campaign_2003_2011_b,Iraq,1702,1702,medium,
anbar_campaign_2003_2011_b,United States,1335,1335,medium,
anbar_clashes_2013_2014_b,Iraq,6000,6000,medium,
anbar_clashes_2013_2014_b,Islamic State of Iraq and the Levant,5000,5000,medium,
anglo_russian_invasion_of_holland_b,France,10400,10400,medium,
anglo_russian_invasion_of_holland_b,Great Britain,10000,10000,medium,
annexation_of_goa_b,Portugal,4668,4668,medium,
antietam_b,Confederate States,10316,10316,medium,nps_civil_war
antietam_b,United States,12410,12410,medium,nps_civil_war
appomattox_b,Confederate States,28356,28356,medium,nara_milestone_docs
aragon_offensive_b,Nationalist Spain,2481,2481,medium,
assault_on_germenchuk_b,Российская империя,300,300,medium,
assault_on_the_battleships_cabral_and_lima_barros_b,Парагвай,150,150,medium,
atlanta_campaign_b,Confederate States,34979,34979,medium,
atlanta_campaign_b,United States,31687,31687,medium,
baghdad_b,Iraq,1700,2120,medium,loc_primary_timeline
baltic_offensive_b,Germany,30834,30834,medium,
baltic_offensive_b,Soviet Union,61468,61468,medium,
baltic_operation_b,Germany,4878,4878,medium,
baltic_operation_b,Soviet Union,75202,75202,medium,
barcelona_may_days_b,Spanish Republic,1000,1000,medium,
barvenkovo_lozovaya_offensive_b,Germany,25000,25000,medium,
batalla_del_monte_de_las_cruces_b,Mexican Insurgents,3000,5000,medium,
batalla_del_monte_de_las_cruces_b,Royalist,1000,2500,medium,
battle_at_courtrai_b,Habsburg Austria,1500,1500,medium,
battle_at_courtrai_b,Republican France,1000,1000,medium,
battle_for_height_776_b,République tchétchène d'Itchkérie,100,700,medium,
battle_for_hill_3234_b,Réseau Haqqani,200,200,medium,
battle_for_konigshugel_b,Dänemark,124,201,medium,
battle_for_konigshugel_b,Österreich,302,302,medium,
battle_for_narva_b,Germany,14000,14000,medium,
battle_for_narva_b,Soviet Union,100000,100000,medium,
battle_for_the_hague_b,Germany,1745,1745,medium,
battle_for_the_hague_b,Netherlands,1000,1000,medium,
battle_for_velikiye_luki_b,Germany,5000,5000,medium,
battle_for_velikiye_luki_b,Soviet Union,104022,104022,medium,
battle_of_73_easting_b,Iraq,1000,1000,medium,
battle_of_aachen_b,Germany,5000,5000,medium,
battle_of_aachen_b,United States,7000,7000,medium,
battle_of_aba_b,Ägypten,120,120,medium,
battle_of_abarran_b,Espagne,179,179,medium,
battle_of_abarzuza_b,gouvernementale républicaine,1500,1500,medium,
battle_of_abbeville_b,France,2000,2000,medium,
battle_of_abbeville_b,Germany,1000,1000,medium,
battle_of_abensberg_b,Austrian Empire,2219,2219,medium,
battle_of_abensberg_b,First French Empire,1000,1000,medium,
battle_of_abu_ageila_b,Egypt,2000,2000,medium,
battle_of_abu_klea_b,Mahdist State,1100,1100,medium,
battle_of_adre_b,FUC,300,300,medium,
battle_of_adrianople_1912_b,Ottoman Empire,7000,7000,medium,
battle_of_adrianople_1912_b,Tsardom of Bulgaria,1298,1298,medium,
battle_of_adwa_b,Ethiopian Empire,3886,7000,medium,
battle_of_adwa_b,Kingdom of Italy,6000,6000,medium,
battle_of_afabet_b,EPLF,4000,5000,medium,
battle_of_afabet_b,Ethiopia,8000,9000,medium,
battle_of_agra_b,Company,4800,4800,medium,
battle_of_aguadulce_b,Conservatives,3000,3000,medium,
battle_of_ahmed_khel_b,Afghanistan,2000,3000,medium,
battle_of_ain_ben_tili_b,Mauritanie,150,150,medium,
battle_of_ain_zara_b,Empire ottoman,100,100,medium,
battle_of_ain_zara_b,Royaume d'Italie,171,171,medium,
battle_of_aizu_b,Shogunate,2977,2977,medium,
battle_of_akhalzic_b,Ottoman Empire,1500,2000,medium,
battle_of_akhalzic_b,Russian Empire,1600,1600,medium,
battle_of_al_bab_b,Islamic State,1348,1348,medium,
battle_of_al_hudaydah_b,Houthis,118,2018,medium,
battle_of_al_hudaydah_b,République du Yémen,125,2018,medium,
battle_of_al_mahbes_1979_b,Maroc,132,150,medium,
battle_of_al_mahbes_b,Maroc,311,311,medium,
battle_of_al_mukalla_2016_b,AQAP,1171,1171,medium,
battle_of_al_safra_b,Ottoman Empire,4500,5000,medium,
battle_of_alapan_b,Spanish Empire,2800,2800,medium,
battle_of_alavus_b,Российская империя,200,314,medium,
battle_of_alba_de_tormes_1812_b,Primer Imperio francés,100,100,medium,
battle_of_alba_de_tormes_b,Kingdom of Spain,4000,4000,medium,
battle_of_albuera_b,French Empire,5935,7900,medium,
battle_of_albuera_b,United Kingdom,5916,7000,medium,
battle_of_alcaniz_b,Empire français,800,800,medium,
battle_of_alcaniz_b,Royaume d'Espagne,300,300,medium,
battle_of_alcantara_b,Французская империя,269,269,medium,
battle_of_aldeia_da_ponte_b,Empire français,150,150,medium,
battle_of_aldeia_da_ponte_b,Royaume-Uni de Grande-Bretagne et d'Irlande,100,100,medium,
battle_of_aldenhoven_1793_b,Republican France,2300,2300,medium,
battle_of_aldenhoven_1794_b,French Republic,1500,1500,medium,
battle_of_aldenhoven_1794_b,Habsburg monarchy,3000,3000,medium,
battle_of_alegria_de_alava_b,Carlistas,600,600,medium,
battle_of_aleppo_b,Ba'athist Syria,15000,15000,medium,
battle_of_aleppo_b,Fatah Halab,10000,10000,medium,
battle_of_aleppo_b,YPG,1500,1500,medium,
battle_of_algiers_b,FLN,1000,3000,medium,
battle_of_ali_masjid_b,Эмират Афганистан,300,300,medium,
battle_of_aliwal_b,Sikh Empire,2000,2000,medium,
battle_of_alkmaar_b,France,3000,3000,medium,
battle_of_alkmaar_b,Great Britain,2200,2200,medium,
battle_of_allenstein_b,Французская империя,300,800,medium,
battle_of_alma_b,Russia,5700,5700,medium,
battle_of_alma_b,United Kingdom,4103,4103,medium,
battle_of_almaraz_b,Empire français,150,259,medium,
battle_of_almaraz_b,Royaume-Uni de Grande-Bretagne et d'Irlande,181,181,medium,
battle_of_almonacid_b,France,2400,2400,medium,
battle_of_almonacid_b,Spain,3300,3500,medium,
battle_of_alpens_b,Carlistas,900,900,medium,
battle_of_als_b,Denmark,1878,1878,medium,
battle_of_alsasua_b,Carlistas,300,300,medium,
battle_of_altafulla_b,Kingdom of Spain,1200,1200,medium,
battle_of_altenkirchen_b,Habsburg Austria,1500,1500,medium,
battle_of_alto_de_los_godos_b,Royalistes,479,479,medium,
battle_of_am_zoer_b,Alliance nationale,161,161,medium,
battle_of_amba_aradam_b,Ethiopia,6000,6000,medium,
battle_of_ambarawa_b,Indonesia,2000,2000,medium,
battle_of_amberg_b,Republican France,2000,2000,medium,
battle_of_ambon_b,Netherlands,2182,2182,medium,
battle_of_amgala_b,Maroc,250,350,medium,
battle_of_amiens_b,French Republic,1383,1383,medium,
battle_of_amiens_b,North German Confederation,1292,1292,medium,
battle_of_amman_b,Jordan,5000,5000,medium,
battle_of_ammunition_hill_b,Израиль,100,150,medium,
battle_of_amoy_b,Dynastie Qing,500,500,medium,
battle_of_ampfing_b,French Republic,1707,1707,medium,
battle_of_ampfing_b,Habsburg Austria,3070,3070,medium,
battle_of_amstetten_b,France,1000,1000,medium,
battle_of_amstetten_b,Habsburg Empire,1000,1000,medium,
battle_of_ancona_b,Germany,2500,2500,medium,
battle_of_ancona_b,Poland,1789,1789,medium,
battle_of_andoain_b,Liberales,100,750,medium,
battle_of_andros_b,Ottoman Empire,3000,3000,medium,
battle_of_angamos_b,Pérou,144,144,medium,
battle_of_annual_b,Spain,13192,13192,medium,
battle_of_antonov_airport_b,Ukraine,200,225,medium,
battle_of_aouzou_b,Libya,1225,1225,medium,
battle_of_ap_bac_b,Sud-Viêt Nam,100,113,medium,
battle_of_arachova_b,Ottoman Empire,1700,1700,medium,
battle_of_araure_b,Royalists,1000,1000,medium,
battle_of_arcis_sur_aube_b,Austria,3000,4000,medium,
battle_of_arcis_sur_aube_b,France,3000,4200,medium,
battle_of_argaon_b,Maratha Empire,1100,1100,medium,
battle_of_arica_b,Peru,1000,1000,medium,
battle_of_arkansas_post_b,Confederate States,4791,4791,medium,
battle_of_arkansas_post_b,United States,1092,1092,medium,
battle_of_arlaban_1812_b,Французская империя,300,800,medium,
battle_of_arlaban_b,Французская империя,200,1042,medium,
battle_of_arnhem_b,France,1500,1500,medium,
battle_of_arpachai_b,Ottoman Empire,1000,1000,medium,
battle_of_arras_1940_b,Reich allemand,300,400,medium,
battle_of_arras_1940_b,Royaume-Uni,170,170,medium,
battle_of_arroyo_dos_molinos_b,France,1300,1300,medium,
battle_of_arroyo_grande_1842_b,Colorados,2000,2000,medium,
battle_of_arroyo_grande_b,Liga de los Pueblos Libres,100,100,medium,
battle_of_arzobispo_b,Kingdom of Spain,1600,1600,medium,
battle_of_aschaffenburg_b,Austrian Empire,1759,1759,medium,
battle_of_asiago_b,Austria-Hungary,10203,10203,medium,
battle_of_asiago_b,Italy,15453,15453,medium,
battle_of_aslanduz_b,Qajar Iran,5000,5000,medium,
battle_of_aspern_essling_b,Austria,23000,23000,medium,
battle_of_aspern_essling_b,France,20000,20000,medium,
battle_of_aspindza_b,Ottoman Empire,4500,4500,medium,
battle_of_assaye_b,British Empire,1138,1138,medium,
battle_of_assaye_b,Maratha Empire,1200,3000,medium,
battle_of_asseiceira_b,Miguelites,2900,2900,medium,
battle_of_atbara_b,Mahdist State,2000,2000,medium,
battle_of_atchoukpa_b,Dahomey,1500,1500,medium,
battle_of_athos_b,Ottoman Empire,1000,1000,medium,
battle_of_atlanta_b,Confederate States,5000,5500,medium,
battle_of_atlanta_b,United States,3722,3722,medium,
battle_of_attu_b,Japan,2351,2351,medium,
battle_of_attu_b,United States,1148,1148,medium,
battle_of_auerstadt_b,Empire français,4350,4350,medium,
battle_of_auray_b,Chouans,100,100,medium,
battle_of_auray_b,Empire français,185,185,medium,
battle_of_austerlitz_b,French Empire,8569,9288,medium,
battle_of_austerlitz_b,Russian Empire,27000,36000,medium,
battle_of_autossee_b,Red Sticks,200,200,medium,
battle_of_avay_b,Empire of Brazil,1663,1663,medium,
battle_of_avay_b,Paraguay,3600,3600,medium,
battle_of_avesnes_le_sec_b,France,2000,2000,medium,
battle_of_ayacucho_b,Royalists,2500,2500,medium,
battle_of_aydn_b,Greece,1500,1500,medium,
battle_of_azua_b,Haiti,1000,1000,medium,
battle_of_bad_axe_b,Sauks,300,300,medium,
battle_of_badajoz_b,Spanish Republic,3500,3500,medium,
battle_of_badli_ki_serai_b,Mughal Empire,1000,1000,medium,
battle_of_baidoa_b,Islamic Courts Union,1000,1000,medium,
battle_of_baiji_b,Islamic State of Iraq and the Levant,2000,2000,medium,
battle_of_baiji_october_november_2014_b,Irak,100,132,medium,
battle_of_bailen_b,France,3000,3000,medium,
battle_of_bailen_b,Spain,1000,1000,medium,
battle_of_bajaur_b,TTP,1500,1500,medium,
battle_of_bajo_palace_b,Empire espagnol,100,100,medium,
battle_of_bakenlaagte_b,Empire britannique,134,134,medium,
battle_of_bakenlaagte_b,Transvaal,100,100,medium,
battle_of_bakhmut_b,Russie,10000,65670,medium,
battle_of_bakhmut_b,Ukraine,5000,23000,medium,
battle_of_baku_b,Central Powers,2000,2000,medium,
battle_of_balaclava_b,Empire russe,627,627,medium,
battle_of_balaclava_b,Royaume-Uni de Grande-Bretagne et d'Irlande,615,615,medium,
battle_of_balakliia_b,Russia,1500,1500,medium,
battle_of_balls_bluff_b,United States,1002,1002,medium,
battle_of_balmaseda_b,Empire français,200,300,medium,
battle_of_bamut_b,side 0,1000,1000,medium,
battle_of_bamut_b,side 1,350,350,medium,
battle_of_bangui_2013_b,Séléka,1000,1000,medium,
battle_of_bapaume_b,French Republic,1569,1569,medium,
battle_of_bardia_b,Italy,1703,1703,medium,
battle_of_barrosa_b,France,3000,3000,medium,
battle_of_barrosa_b,United Kingdom,2800,2800,medium,
battle_of_basantar_b,Индия,272,272,medium,
battle_of_bascara_b,France,2500,2500,medium,
battle_of_basra_b,Iraq,3000,3000,medium,
battle_of_bassano_b,Habsburg monarchy,6000,6000,medium,
battle_of_batin_b,Ottoman Empire,5000,5000,medium,
battle_of_batin_b,Russia,1542,1542,medium,
battle_of_bautzen_1945_b,Germany,5000,5000,medium,
battle_of_bautzen_1945_b,Soviet Union,4902,4902,medium,
battle_of_bautzen_b,France,20000,25000,medium,
battle_of_bautzen_b,Russia,11000,20000,medium,
battle_of_baza_b,Kingdom of Spain,1500,1500,medium,
battle_of_bazeilles_b,Bavaria,4089,4089,medium,
battle_of_bazeilles_b,France,2655,2655,medium,
battle_of_beaulieu_sous_la_roche_1795_b,République française,100,300,medium,
battle_of_beaumont_b,France,7500,7500,medium,
battle_of_beaumont_b,North German Confederation,3400,3400,medium,
battle_of_beaune_la_rolande_b,French Republic,4000,8000,medium,
battle_of_beaune_la_rolande_b,North German Confederation,1000,1000,medium,
battle_of_beaupreau_b,République française,300,1200,medium,
battle_of_beaver_dams_b,États-Unis,462,462,medium,
battle_of_beerot_yitzhak_b,Izrael,170,200,medium,
battle_of_beersheba_b,Royaume d'Égypte,120,120,medium,
battle_of_beiping_tianjin_b,China,1937,1937,medium,
battle_of_bekeriyah_b,Emirate of Ha'il,1900,2000,medium,
battle_of_bekeriyah_b,Emirate of Riyadh,1000,1000,medium,
battle_of_belchite_1809_b,Kingdom of Spain,2000,2000,medium,
battle_of_belchite_b,Nationalist Spain,2000,2000,medium,
battle_of_belchite_b,Spanish Republic,2800,2800,medium,
battle_of_belleau_wood_b,Germany,10000,10000,medium,
battle_of_belleau_wood_b,United States,9777,9777,medium,
battle_of_belmont_b,Empire britannique,397,397,medium,
battle_of_belmont_b,République sud-africaine du Transvaal,100,100,medium,
battle_of_bembezi_b,Mthwakazi,2500,2500,medium,
battle_of_benina_airport_b,Ливийская национальная армия,700,700,medium,
battle_of_bennington_b,Royaume de Grande-Bretagne,207,700,medium,
battle_of_bentonville_b,Confederate States,2606,2606,medium,
battle_of_bentonville_b,United States,1527,1527,medium,
battle_of_berezina_b,French Empire,50000,60000,medium,
battle_of_berezina_b,Russian Empire,10000,10000,medium,
battle_of_bergen_b,France,2591,2591,medium,
battle_of_bergen_b,Great Britain,1017,1017,medium,
battle_of_bergendal_b,Empire britannique,107,107,medium,
battle_of_berlin_b,Germany,917000,925000,medium,
battle_of_berlin_b,Soviet Union,361367,361367,medium,
battle_of_bezzecca_b,Kingdom of Italy,1070,1070,medium,
battle_of_bharatpur_b,United Kingdom,3292,3292,medium,
battle_of_biaoeka_b,Imperial Russia,1070,1070,medium,
battle_of_biaystok_minsk_b,Germany,12157,12157,medium,
battle_of_biaystok_minsk_b,Soviet Union,397000,397000,medium,
battle_of_biberach_b,Habsburg Austria,4000,4000,medium,
battle_of_big_black_river_bridge_b,Confederate States,1751,1751,medium,
battle_of_bilbao_b,Spanish Republic,14000,14000,medium,
battle_of_bin_jawad_b,Conseil national de transition,120,200,medium,
battle_of_binakayan_dalahican_b,Katipunan,3000,3000,medium,
battle_of_binakayan_dalahican_b,Spanish Empire,8000,8000,medium,
battle_of_bir_anzarane_b,Maroc,100,250,medium,
battle_of_bir_anzarane_b,RASD,117,500,medium,
battle_of_bir_tabraz_b,Италия,150,250,medium,
battle_of_bitlis_b,Ottoman Empire,34000,34000,medium,
battle_of_bizani_b,Ottoman Empire,2800,2800,medium,
battle_of_bladensburg_b,Великобритания,100,185,medium,
battle_of_blood_river_poort_b,Empire britannique,241,241,medium,
battle_of_blumenau_b,Empire d'Autriche,489,489,medium,
battle_of_blumenau_b,Royaume de Prusse,207,207,medium,
battle_of_boffalora_b,Francia,100,200,medium,
battle_of_bolimow_b,German Empire,4631,4631,medium,
battle_of_bolimow_b,Russian Empire,17385,17385,medium,
battle_of_bomarsund_b,Russia,2000,2000,medium,
battle_of_bombona_b,Empire espagnol,250,250,medium,
battle_of_bombona_b,Grande Colombie,115,343,medium,
battle_of_boqueron_1932_b,Bolivia,2200,2200,medium,
battle_of_boqueron_1932_b,Paraguay,1500,1500,medium,
battle_of_boqueron_b,Empire of Brazil,1954,1954,medium,
battle_of_boqueron_b,Paraguay,2000,2000,medium,
battle_of_borghetto_b,République française,500,500,medium,
battle_of_borghetto_b,Saint-Empire,300,300,medium,
battle_of_bornos_1812_b,Kingdom of Spain,1500,1500,medium,
battle_of_bornos_b,Empire français,100,800,medium,
battle_of_borny_colombey_b,French Empire,3608,3915,medium,
battle_of_borny_colombey_b,North German Confederation,4906,5222,medium,
battle_of_borodino_b,France,30000,42000,medium,
battle_of_borodino_b,Russia,40000,53000,medium,
battle_of_borodzianka_b,Polska,260,260,medium,
battle_of_bothaville_b,Etat libre d'Orange,100,100,medium,
battle_of_bougafer_b,Ait Atta,327,327,medium,
battle_of_bougafer_b,France,1500,1800,medium,
battle_of_bouin_b,Vendéens,200,500,medium,
battle_of_boulikessi_b,Mali,100,100,medium,
battle_of_boulou_b,Spain,2000,2000,medium,
battle_of_bound_brook_b,États-Unis,120,120,medium,
battle_of_bov_b,Duchy of Schleswig,1096,1096,medium,
battle_of_boyaca_b,Kingdom of Spain,1600,1600,medium,
battle_of_braga_b,Portugal,4400,4400,medium,
battle_of_brandy_station_b,United States,1007,1007,medium,
battle_of_brandywine_b,États-Unis,250,750,medium,
battle_of_brandywine_b,Royaume de Grande-Bretagne,487,487,medium,
battle_of_bregalnica_b,Bulgaria,20000,20000,medium,
battle_of_bregalnica_b,Serbia,16620,16620,medium,
battle_of_brest_1792_b,Речь Посполитая,356,356,medium,
battle_of_britain_b,Germany,2585,2585,medium,
battle_of_britain_b,United Kingdom,1542,1542,medium,
battle_of_brody_b,Reich allemand,200,200,medium,
battle_of_brody_b,Union soviétique,800,800,medium,
battle_of_brunete_b,Nationalist Spain,7000,7000,medium,
battle_of_brunete_b,Spanish Republic,10000,25000,medium,
battle_of_bryansk_b,Germany,48000,48000,medium,
battle_of_bryansk_b,Soviet Union,100000,100000,medium,
battle_of_brzesc_litewski_b,Poland,1000,1000,medium,
battle_of_buceo_b,Espagne,500,500,medium,
battle_of_buena_vista_b,Mexico,1048,1048,medium,
battle_of_bulair_b,Ottoman Empire,6000,6000,medium,
battle_of_bunker_hill_b,Royaume de Grande-Bretagne,228,828,medium,
battle_of_bunker_hill_b,Treize colonies,140,271,medium,
battle_of_burgos_b,Spain,3400,3400,medium,
battle_of_burkersdorf_b,Austrian Empire,3819,3819,medium,
battle_of_bussaco_b,France,2456,4500,medium,
battle_of_bussaco_b,United Kingdom,1252,1356,medium,
battle_of_cabezon_b,Spain,1000,1000,medium,
battle_of_cacabelos_b,Empire français,190,190,medium,
battle_of_cacabelos_b,Royaume-Uni,120,120,medium,
battle_of_cachiri_b,New Granada,1200,1200,medium,
battle_of_caldera_bay_b,Congresistas,182,182,medium,
battle_of_calderon_bridge_b,Kingdom of Spain,1000,1000,medium,
battle_of_calderon_bridge_b,Mexican Insurgents,1200,13000,medium,
battle_of_caldiero_1796_b,First French Republic,1800,2000,medium,
battle_of_caldiero_1796_b,Habsburg monarchy,1300,1300,medium,
battle_of_caldiero_1809_b,French Empire,1000,1000,medium,
battle_of_caldiero_1813_b,Austrian Empire,1500,1500,medium,
battle_of_caldiero_1813_b,French Empire,1000,1000,medium,
battle_of_caldiero_b,Austrian Empire,9221,9221,medium,
battle_of_caldiero_b,French Empire,3729,3729,medium,
battle_of_calebee_creek_b,États-Unis,150,150,medium,
battle_of_callao_b,Peru,2000,2000,medium,
battle_of_calliano_b,Austria,3567,3567,medium,
battle_of_calliano_b,First French Republic,4400,4400,medium,
battle_of_calumpit_b,Estados Unidos,127,700,medium,
battle_of_camden_b,United States,1000,1000,medium,
battle_of_camperdown_b,Batavian Republic,3775,3775,medium,
battle_of_campo_maior_b,Empire français,200,200,medium,
battle_of_campo_maior_b,Royaume-Uni de Grande-Bretagne et d'Irlande,168,225,medium,
battle_of_campo_tenese_b,Kingdom of Naples,1000,1000,medium,
battle_of_canada_strongest_b,Paraguay,1500,1500,medium,
battle_of_canton_1841_b,Qing China,1000,1000,medium,
battle_of_canton_b,Dynastie Qing,123,400,medium,
battle_of_cao_bang_1979_b,China,18000,18000,medium,
battle_of_cape_esperance_b,Empire du Japon,111,454,medium,
battle_of_cape_esperance_b,États-Unis,163,163,medium,
battle_of_cape_gloucester_b,Japan,2000,2000,medium,
battle_of_cape_gloucester_b,United States,1083,1083,medium,
battle_of_cape_ortegal_b,Empire français,730,730,medium,
battle_of_cape_ortegal_b,Royaume-Uni de Grande-Bretagne et d'Irlande,111,111,medium,
battle_of_cape_st_george_b,Empire du Japon,647,647,medium,
battle_of_cape_st_vincent_1797_b,Spain,3000,3000,medium,
battle_of_cape_st_vincent_1833_b,Miguelistes,300,300,medium,
battle_of_cape_st_vincent_b,Spain,2500,2500,medium,
battle_of_caporetto_b,Austria-Hungary,70000,70000,medium,
battle_of_caporetto_b,Italy,13000,13000,medium,
battle_of_carabobo_1814_b,Spain,2100,3000,medium,
battle_of_carabobo_b,Spain,2908,2908,medium,
battle_of_cardadeu_b,Spain,2500,2500,medium,
battle_of_carmen_de_patagones_b,Provincias Unidas del Río de la Plata,100,580,medium,
battle_of_carpi_b,Kingdom of Naples,1000,1000,medium,
battle_of_carpio_b,French Empire,1100,1100,medium,
battle_of_carumbe_b,Liga de los Pueblos Libres,500,500,medium,
battle_of_casaglia_b,Kingdom of Naples,1000,1000,medium,
battle_of_casal_novo_b,Royaume-Uni de Grande-Bretagne et d'Irlande,155,155,medium,
battle_of_caseros_b,Argentine Confederation,8500,8500,medium,
battle_of_cassano_b,French Republic,6900,7500,medium,
battle_of_cassano_b,Russian Empire,2000,2500,medium,
battle_of_cassinga_b,Sudáfrica,150,150,medium,
battle_of_castalla_1812_b,Kingdom of Spain,3000,3000,medium,
battle_of_castalla_b,French Empire,1400,1400,medium,
battle_of_castel_di_sangro_b,Royaume de Naples,206,400,medium,
battle_of_castelfranco_veneto_b,Austrian Empire,4400,4400,medium,
battle_of_castellon_b,Empire français,330,330,medium,
battle_of_castellon_b,Royaume d'Espagne,120,120,medium,
battle_of_castiglione_b,France,1300,1300,medium,
battle_of_castiglione_b,Habsburg monarchy,3000,3000,medium,
battle_of_castillejos_b,Morocco,2000,2000,medium,
battle_of_castle_itter_b,Waffen-SS,100,100,medium,
battle_of_catalan_b,Federal League,1190,1190,medium,
battle_of_cedar_creek_1864_b,Confederate States,2910,2910,medium,
battle_of_cedar_creek_1864_b,United States,5665,5665,medium,
battle_of_cedar_mountain_b,Confederate States,1338,1338,medium,
battle_of_cedar_mountain_b,United States,2353,2353,medium,
battle_of_cerro_cora_b,Paraguay,200,245,medium,
battle_of_cerro_de_pasco_b,Освободительная армия,422,422,medium,
battle_of_cervera_b,Французская империя,995,995,medium,
battle_of_cesenatico_b,Royaume de Naples,200,500,medium,
battle_of_cesis_b,Estonie,110,405,medium,
battle_of_chacabuco_b,Armée des Andes,132,132,medium,
battle_of_chacabuco_b,Royaume d'Espagne,500,600,medium,
battle_of_challans_b,Vendéens,300,300,medium,
battle_of_champion_hill_b,CSA (Confederacy),3840,3840,medium,
battle_of_champion_hill_b,United States,2457,2457,medium,
battle_of_chancellorsville_b,Confederate States,12764,12764,medium,
battle_of_chancellorsville_b,United States,17287,17287,medium,
battle_of_changde_b,Empire of Japan,1943,1943,medium,
battle_of_changde_b,Republic of China,23485,23485,medium,
battle_of_changhsing_b,Giappone,100,100,medium,
battle_of_changsha_1941_b,Empire of Japan,1670,1670,medium,
battle_of_changsha_1941_b,Republic of China,23858,23858,medium,
battle_of_changsha_1942_b,Empire of Japan,1591,1591,medium,
battle_of_changsha_1942_b,Republic of China,28612,28612,medium,
battle_of_changsha_b,Empire of Japan,30000,50000,medium,
battle_of_changsha_b,Republic of China,20000,20000,medium,
battle_of_chantilly_b,United States,1300,1300,medium,
battle_of_chantonnay_b,Republican France,4000,5000,medium,
battle_of_chapoo_b,Qing China,1200,1500,medium,
battle_of_chateau_thierry_b,France,1908,1908,medium,
battle_of_chateau_thierry_b,Germany,5328,5328,medium,
battle_of_chemille_b,République française,400,400,medium,
battle_of_chemille_b,Vendéens,200,600,medium,
battle_of_chemulpo_bay_b,Empire russe,220,220,medium,
battle_of_chesma_b,Ottoman Empire,11000,11000,medium,
battle_of_chiayi_b,Giappone,200,200,medium,
battle_of_chickamauga_b,Confederate States,18454,18454,medium,
battle_of_chickamauga_b,United States,16170,16170,medium,
battle_of_chillianwala_b,United Kingdom,1651,1651,medium,
battle_of_chinhai_b,Dynastie Qing,157,157,medium,
battle_of_chinhat_b,Британская Ост-Индская компания,589,589,medium,
battle_of_chinkiang_b,Qing China,1000,1000,medium,
battle_of_chios_b,Ottoman Empire,1800,1800,medium,
battle_of_cholet_b,French Republic,4000,4000,medium,
battle_of_cholet_b,French Royalists,8000,8000,medium,
battle_of_churubusco_b,Mexico,1261,1261,medium,
battle_of_ciudad_juarez_b,мадеристы,593,2000,medium,
battle_of_ciudad_real_b,Kingdom of Spain,3000,3000,medium,
battle_of_claye_b,Empire français,150,200,medium,
battle_of_claye_b,Royaume de Prusse,145,600,medium,
battle_of_clouzeaux_b,République française,106,106,medium,
battle_of_coatit_b,Ethiopia,1500,1500,medium,
battle_of_cocos_b,Empire allemand,134,134,medium,
battle_of_cogorderos_b,Empire français,500,500,medium,
battle_of_cold_harbor_b,Confederate States,5287,5287,medium,
battle_of_cold_harbor_b,United States,12738,12738,medium,
battle_of_colenso_b,Empire britannique,143,755,medium,
battle_of_coleto_b,Rebelles texans,425,550,medium,
battle_of_concon_b,Balmaceda Government,2200,2200,medium,
battle_of_contreras_b,Mexico,1225,1225,medium,
battle_of_copenhagen_1801_b,Denmark–Norway,1600,6000,medium,
battle_of_coronel_b,United Kingdom,1660,1660,medium,
battle_of_corpahuaico_b,Perú,200,700,medium,
battle_of_corregidor_b,Japan,6600,6600,medium,
battle_of_corunna_b,Empire français,200,600,medium,
battle_of_corunna_b,Royaume-Uni de Grande-Bretagne et d'Irlande,300,900,medium,
battle_of_coulmiers_b,Bavaria,1112,1112,medium,
battle_of_coulmiers_b,French Republic,1500,1500,medium,
battle_of_courtrai_b,Saxony,1908,1908,medium,
battle_of_cowpens_b,États-Unis,124,124,medium,
battle_of_cowpens_b,Royaume de Grande-Bretagne,110,900,medium,
battle_of_croix_bataille_b,Républicains,600,1600,medium,
battle_of_cuautla_b,Maderistas,1000,1000,medium,
battle_of_cuddalore_b,Royaume de France,102,386,medium,
battle_of_cuddalore_b,Royaume de Grande-Bretagne,434,434,medium,
battle_of_curtatone_and_montanara_b,Великое герцогство Тосканское,166,1178,medium,
battle_of_curupaity_b,Empire of Brazil,4227,4227,medium,
battle_of_curuzu_b,Paraguay,2532,2532,medium,
battle_of_custoza_1866_b,Austrian Empire,3690,3690,medium,
battle_of_custoza_1866_b,Kingdom of Italy,3112,3112,medium,
battle_of_custoza_b,Austria,1282,1282,medium,
battle_of_czarnowo_b,French Empire,1400,1400,medium,
battle_of_czarnowo_b,Russian Empire,1401,1401,medium,
battle_of_czasniki_b,French Empire,1200,1200,medium,
battle_of_dakar_b,État français,203,393,medium,
battle_of_dargo_b,Russian Empire,4000,4000,medium,
battle_of_dashav_b,Российская империя,1600,1600,medium,
battle_of_debe_wielkie_b,Imperial Russia,2500,2500,medium,
battle_of_deblin_and_minsk_mazowiecki_b,Russian SFSR,1400,1400,medium,
battle_of_debrecen_b,Germany,15000,15000,medium,
battle_of_debrecen_b,Soviet Union,19713,19713,medium,
battle_of_deeg_b,Maratha Empire,2000,2000,medium,
battle_of_delhi_b,Maratha Empire,3000,3000,medium,
battle_of_dengbu_island_b,People's Republic of China,3660,3660,medium,
battle_of_dengbu_island_b,Republic of China (Taiwan),2173,2173,medium,
battle_of_dennewitz_b,France,20000,23215,medium,
battle_of_dennewitz_b,Prussia,9700,11000,medium,
battle_of_derna_2019_b,House of Representatives,2018,2018,medium,
battle_of_derna_2019_b,Shura Council of Mujahideen in Derna,2018,2018,medium,
battle_of_dervenakia_b,Ottoman Empire,20000,20000,medium,
battle_of_deskarga_pass_b,Carlistas,2000,2000,medium,
battle_of_dezful_b,Irak,100,100,medium,
battle_of_dezful_b,Iran,100,200,medium,
battle_of_diabaly_b,Ansar Dine,100,150,medium,
battle_of_diamond_hill_b,Empire britannique,145,145,medium,
battle_of_dien_bien_phu_b,Democratic Republic of Vietnam,8000,8000,medium,
battle_of_dien_bien_phu_b,French Union,1142,2293,medium,
battle_of_diersheim_b,French First Republic,3000,3000,medium,
battle_of_diersheim_b,Habsburg monarchy,2700,2700,medium,
battle_of_dire_dawa_b,Эфиопия,150,500,medium,
battle_of_dobra_b,Empire russe,750,750,medium,
battle_of_dobra_b,Royaume de Pologne,200,200,medium,
battle_of_dobro_pole_b,Allied Powers,1850,1850,medium,
battle_of_dobro_pole_b,Central Powers,2689,2689,medium,
battle_of_dogger_bank_1915_b,Germany,1034,1034,medium,
battle_of_dogger_bank_b,Provinces-Unies,140,400,medium,
battle_of_dogger_bank_b,Royaume de Grande-Bretagne,108,339,medium,
battle_of_dojran_b,Bulgaria,2000,4000,medium,
battle_of_dol_b,Vendéens,900,900,medium,
battle_of_dolores_b,Troupes gouvernementales,150,150,medium,
battle_of_donbas_b,Russia,5154,5154,medium,
battle_of_dong_khe_b,Democratic Republic of Vietnam,9000,9000,medium,
battle_of_dong_khe_b,French Union,4800,4800,medium,
battle_of_drbak_sound_b,Germany,1000,1000,medium,
battle_of_driefontein_b,Empire britannique,351,361,medium,
battle_of_driefontein_b,République sud-africaine du Transvaal,102,102,medium,
battle_of_drina_b,Austria-Hungary,40000,40000,medium,
battle_of_drina_b,Kingdom of Serbia,30000,30000,medium,
battle_of_dubienka_b,Russian Empire,4000,4000,medium,
battle_of_dublin_b,Armée nationale irlandaise,122,122,medium,
battle_of_dublin_b,Irish Republican Army,158,400,medium,
battle_of_dunkirk_b,Germany,20000,20000,medium,
battle_of_dunkirk_b,United Kingdom,61774,61774,medium,
battle_of_durenstein_b,France,2500,2500,medium,
battle_of_durenstein_b,Russia,2000,2000,medium,
battle_of_dybbl_b,Denmark,3534,3534,medium,
battle_of_dybbl_b,Prussia,1201,1201,medium,
battle_of_ebelsberg_b,Austrian Empire,4495,8340,medium,
battle_of_ebelsberg_b,French Empire,3605,6000,medium,
battle_of_eckernforde_b,Дания,105,1000,medium,
battle_of_eckmuhl_b,Austria,3000,3000,medium,
battle_of_eckmuhl_b,France,2000,2000,medium,
battle_of_ekau_b,Российская империя,320,600,medium,
battle_of_el_adde_b,AMISOM,100,190,medium,
battle_of_el_bodon_b,Empire français,200,200,medium,
battle_of_el_bodon_b,Royaume-Uni de Grande-Bretagne et d'Irlande,151,151,medium,
battle_of_el_ebano_b,Конвенционисты (вильисты) Конституционалисты (каррансисты),1000,3000,medium,
battle_of_el_hri_b,France,176,613,medium,
battle_of_el_hri_b,Zayanes,182,182,medium,
battle_of_el_obeid_b,Egypt,7000,7000,medium,
battle_of_el_roble_b,Patriotas chilenos,130,130,medium,
battle_of_elaia_kalamas_b,Royaume d'Italie,160,561,medium,
battle_of_elaia_kalamas_b,Royaume de Grèce,208,208,medium,
battle_of_elandslaagte_b,Empire britannique,205,205,medium,
battle_of_elandslaagte_b,République sud-africaine du Transvaal,105,181,medium,
battle_of_elchingen_b,Austrian Empire,6000,6000,medium,
battle_of_emmendingen_b,Habsburg Austria,1000,1000,medium,
battle_of_emmendingen_b,Republican France,1000,1000,medium,
battle_of_empress_augusta_bay_b,Empire du Japon,198,658,medium,
battle_of_engen_b,Austria,1147,1147,medium,
battle_of_engen_b,France,3000,3000,medium,
battle_of_eniwetok_b,Japan,3380,3380,medium,
battle_of_entrames_b,First French Republic,4000,4000,medium,
battle_of_entrames_b,Vendée Royalist,2100,2100,medium,
battle_of_eraul_b,Испанская республика,100,300,medium,
battle_of_erbil_b,KDP,5000,8000,medium,
battle_of_ernee_b,République française,100,400,medium,
battle_of_erzincan_b,Ottoman Empire,34000,34000,medium,
battle_of_erzincan_b,Russian Empire,12000,12000,medium,
battle_of_espinosa_b,French Empire,1100,1100,medium,
battle_of_espinosa_b,Spain,5400,5400,medium,
battle_of_essarts_b,République française,112,120,medium,
battle_of_estero_bellaco_b,Argentina,1560,1560,medium,
battle_of_estero_bellaco_b,Paraguay,2500,2500,medium,
battle_of_ettlingen_b,French Republic,2400,2400,medium,
battle_of_ettlingen_b,Habsburg Austria,2600,2600,medium,
battle_of_eupatoria_b,Empire ottoman,101,304,medium,
battle_of_eupatoria_b,Empire russe,168,583,medium,
battle_of_eutaw_springs_b,États-Unis,139,375,medium,
battle_of_eutaw_springs_b,Royaume de Grande-Bretagne,351,420,medium,
battle_of_evora_b,Kingdom of Portugal,2000,2000,medium,
battle_of_eylau_b,French Empire,15000,29643,medium,
battle_of_eylau_b,Russian Empire,15000,26000,medium,
battle_of_faenza_b,Papal States,1200,1200,medium,
battle_of_falam_b,Confrérie Chin,500,500,medium,
battle_of_falam_b,Conseil administratif d'État,100,100,medium,
battle_of_fallen_timbers_b,États-Unis,100,100,medium,
battle_of_famars_b,Austria,1100,1100,medium,
battle_of_famars_b,First French Republic,3000,3000,medium,
battle_of_fanfa_b,Republika Rio-Grandense,100,100,medium,
battle_of_feldkirch_b,Austria,1100,1100,medium,
battle_of_feldkirch_b,France,1500,3000,medium,
battle_of_fellaoucene_b,Armée de libération nationale,120,120,medium,
battle_of_fellaoucene_b,France,400,700,medium,
battle_of_ferkeh_b,Mahdist State,1500,1500,medium,
battle_of_ferozeshah_b,East India Company,1721,1721,medium,
battle_of_ferozeshah_b,Sikh Empire,2000,2000,medium,
battle_of_first_bar_b,Dynastie Qing,300,300,medium,
battle_of_fishguard_b,France,1360,1360,medium,
battle_of_five_forks_b,Confederate States (Confederacy),2950,2950,medium,
battle_of_flers_courcelette_b,German Empire,130000,130000,medium,
battle_of_flers_courcelette_b,United Kingdom,29376,29376,medium,
battle_of_fleurus_b,French Republic,5000,5000,medium,
battle_of_fleurus_b,Habsburg Monarchy,5000,5000,medium,
battle_of_florina_b,Provisional Democratic Government,1500,1500,medium,
battle_of_focsani_b,Ottoman Empire,1500,1600,medium,
battle_of_fombio_b,Austria,1568,1568,medium,
battle_of_fontenay_le_comte_b,French Republic,4000,4000,medium,
battle_of_fontenay_le_comte_b,Vendeans,1000,1000,medium,
battle_of_fort_donelson_b,Confederate States,13846,13846,medium,
battle_of_fort_donelson_b,United States,2691,2691,medium,
battle_of_fort_pillow_b,États confédérés,100,100,medium,
battle_of_fort_pillow_b,États-Unis,277,574,medium,
battle_of_fort_washington_b,United States,2837,2837,medium,
battle_of_forts_jackson_and_st_philip_b,États confédérés,782,782,medium,
battle_of_forts_jackson_and_st_philip_b,États-Unis,149,186,medium,
battle_of_fougeres_b,République française,200,800,medium,
battle_of_foz_de_arouce_b,Empire français,250,250,medium,
battle_of_franklin_b,Confederate States,6252,6252,medium,
battle_of_franklin_b,United States,2326,2326,medium,
battle_of_frauenfeld_b,Austria,1450,1450,medium,
battle_of_fredericia_b,Denmark,1344,1344,medium,
battle_of_fredericia_b,Schleswig-Holstein,1134,1134,medium,
battle_of_fredericksburg_b,Confederate States,5377,5377,medium,
battle_of_fredericksburg_b,United States,12653,12653,medium,
battle_of_fredrikshamn_b,Российская империя,150,150,medium,
battle_of_freligne_b,République française,150,500,medium,
battle_of_freligne_b,Vendéens,350,800,medium,
battle_of_friedberg_b,Habsburg Austria,1800,1800,medium,
battle_of_friedland_b,French Empire,8000,10000,medium,
battle_of_friedland_b,Russian Empire,20000,40000,medium,
battle_of_froeschwiller_b,Habsburg Austria,2000,2000,medium,
battle_of_froeschwiller_b,Republican France,1000,1000,medium,
battle_of_fuengirola_b,Empire français,100,100,medium,
battle_of_fuentes_de_onoro_b,French Empire,2192,2844,medium,
battle_of_fuentes_de_onoro_b,United Kingdom,1452,1800,medium,
battle_of_fundina_b,Ottoman Empire,10000,10000,medium,
battle_of_fuzhou_b,Empire de Chine,150,796,medium,
battle_of_gagra_b,Géorgie,429,429,medium,
battle_of_gainess_mill_b,Confederate States,7993,7993,medium,
battle_of_gainess_mill_b,United States,7337,7337,medium,
battle_of_galicia_b,Austria-Hungary,324000,420000,medium,
battle_of_galicia_b,Russian Empire,200000,300000,medium,
battle_of_gamonal_1820_b,Санта-Фе,320,320,medium,
battle_of_ganja_1826_b,Qajar Iran,2000,2000,medium,
battle_of_ganja_b,Qajar Iran,1700,1700,medium,
battle_of_gaouz_b,France,1200,1200,medium,
battle_of_garcia_hernandez_b,France,1100,1600,medium,
battle_of_gargaresc_b,Italy,1432,1432,medium,
battle_of_gargaresc_b,Ottoman Empire,8189,8189,medium,
battle_of_garibpur_b,Индия,300,300,medium,
battle_of_gefrees_b,Австрийская империя,400,2000,medium,
battle_of_gembloux_b,France,2000,2000,medium,
battle_of_gembloux_b,Germany,1000,1000,medium,
battle_of_genale_doria_b,Ethiopia,5000,5000,medium,
battle_of_genoa_b,République française,600,1000,medium,
battle_of_genoa_b,Royaume de Grande-Bretagne,254,254,medium,
battle_of_genola_b,Habsburg Austria,2400,2400,medium,
battle_of_genola_b,Republican France,7600,7600,medium,
battle_of_gerchsheim_b,Royaume de Wurtemberg,102,102,medium,
battle_of_gerona_b,Empire français,700,700,medium,
battle_of_gerontas_b,Ottoman Empire,1300,1300,medium,
battle_of_geste_b,Républicains,100,100,medium,
battle_of_ghazni_b,Barakzais,1600,1600,medium,
battle_of_gimry_b,Российская империя,192,348,medium,
battle_of_gingindlovu_b,Zulu Kingdom,1000,1000,medium,
battle_of_gjorm_b,Royaume d'Italie,186,186,medium,
battle_of_goito_b,Monarchie de Habsbourg,223,331,medium,
battle_of_goito_b,Royaume de Sardaigne,253,253,medium,
battle_of_golymin_b,French Empire,1000,1000,medium,
battle_of_goose_green_b,Argentine,961,961,medium,
battle_of_gotthard_pass_b,France,2000,2000,medium,
battle_of_gotthard_pass_b,Russia,2000,6000,medium,
battle_of_graspan_b,Empire britannique,283,283,medium,
battle_of_gravelotte_b,French Empire,12275,12275,medium,
battle_of_gravelotte_b,North German Confederation,20160,20160,medium,
battle_of_graz_b,Austrian Empire,2000,2000,medium,
battle_of_greece_b,Allies,13408,13408,medium,
battle_of_greece_b,Axis,19755,19755,medium,
battle_of_grenada_b,Royaume de France,176,773,medium,
battle_of_grenada_b,Royaume de Grande-Bretagne,1055,1055,medium,
battle_of_grijo_b,Empire français,200,200,medium,
battle_of_grijo_b,Royaume-Uni de Grande-Bretagne et d'Irlande,104,104,medium,
battle_of_groix_b,République française,670,670,medium,
battle_of_groix_b,Royaume de Grande-Bretagne,113,113,medium,
battle_of_gronvikssund_b,Российская империя,242,242,medium,
battle_of_grozny_1994_b,Conseil provisoire,500,500,medium,
battle_of_grozny_1996_b,Russia,1407,1407,medium,
battle_of_grozny_1999_b,Chechen Republic of Ichkeria,1500,2000,medium,
battle_of_grozny_1999_b,Russia,1469,1469,medium,
battle_of_grozny_b,Chechen Republic of Ichkeria,6000,6000,medium,
battle_of_grozny_b,Russia,5000,5000,medium,
battle_of_grozny_march_1996_b,République tchétchène d'Itchkérie,190,190,medium,
battle_of_grozny_march_1996_b,Russie,259,300,medium,
battle_of_guadalajara_b,Nationalist Spain,3000,3000,medium,
battle_of_guadalajara_b,Republican Spain,2000,2000,medium,
battle_of_guam_b,Japan,18377,18377,medium,
battle_of_guam_b,United States,1567,1567,medium,
battle_of_guayabos_b,Gouvernement centraliste de Buenos Aires,200,484,medium,
battle_of_gudermes_b,side 1,100,100,medium,
battle_of_gue_a_tresmes_b,Prussia,1035,1035,medium,
battle_of_guelta_zemmur_b,Maroc,130,400,medium,
battle_of_guilford_court_house_b,United States,1046,1046,medium,
battle_of_gujrat_b,Sikh Empire,4000,4000,medium,
battle_of_gundet_b,Khedivate of Egypt,2000,2000,medium,
battle_of_guningtou_b,People's Republic of China,3873,3873,medium,
battle_of_guningtou_b,Republic of China,1267,1267,medium,
battle_of_gunzburg_b,Austria,2000,2000,medium,
battle_of_gura_b,Ethiopian Empire,1800,1800,medium,
battle_of_gura_b,Khedivate of Egypt,3200,3200,medium,
battle_of_guttstadt_deppen_b,French Empire,2042,2042,medium,
battle_of_guttstadt_deppen_b,Russian Empire,2000,2500,medium,
battle_of_gyor_b,Австрийская империя,131479,131479,medium,
battle_of_haifa_b,Arab Higher Committee,2004,2004,medium,
battle_of_hainan_island_b,People's Republic of China,4000,4000,medium,
battle_of_hainan_island_b,Republic of China (Taiwan),33000,33000,medium,
battle_of_hakodate_b,Ezo Republic,1700,1700,medium,
battle_of_halbe_b,Germany,30000,30000,medium,
battle_of_halbe_b,Soviet Union,40000,40000,medium,
battle_of_halle_b,Prussia,5000,5200,medium,
battle_of_hamburger_hill_b,United States,1500,1500,medium,
battle_of_hamel_b,British Empire,1400,1400,medium,
battle_of_hamel_b,German Empire,2000,2000,medium,
battle_of_hampton_roads_b,États-Unis,108,261,medium,
battle_of_handschuhsheim_b,French Republic,1500,1500,medium,
battle_of_hanko_b,Soviet Union,1476,1476,medium,
battle_of_hannut_b,Reich allemand,164,200,medium,
battle_of_harlem_heights_b,Royaume de Grande-Bretagne,300,300,medium,
battle_of_harlem_heights_b,Treize colonies,100,100,medium,
battle_of_harpers_ferry_b,United States,12636,12636,medium,
battle_of_hasakah_b,Islamic State,1100,1100,medium,
battle_of_haslach_jungingen_b,Austrian Empire,1100,1100,medium,
battle_of_haslach_jungingen_b,French Empire,1500,1500,medium,
battle_of_hausa_b,RASD,101,101,medium,
battle_of_heartbreak_ridge_b,North Korea,25000,25000,medium,
battle_of_heartbreak_ridge_b,United Nations,3700,3700,medium,
battle_of_heilsberg_b,French Empire,8000,8000,medium,
battle_of_heilsberg_b,Russian Empire,6000,6000,medium,
battle_of_heligoland_bight_b,Empire allemand,149,712,medium,
battle_of_helmstadt_b,Royaume de Bavière,730,730,medium,
battle_of_helmstadt_b,Royaume de Prusse,353,353,medium,
battle_of_helsinki_b,Finnish Reds,4000,6000,medium,
battle_of_hightower_b,Cherokee,1000,1000,medium,
battle_of_himara_b,Италия,370,900,medium,
battle_of_hlobane_b,Empire britannique,225,225,medium,
battle_of_hoa_binh_b,Democratic Republic of Vietnam,5000,12000,medium,
battle_of_hoa_binh_b,French Union,2000,2000,medium,
battle_of_hoa_moc_b,Empire de Chine,1000,2000,medium,
battle_of_hoa_moc_b,France,408,408,medium,
battle_of_hochstadt_b,Austria,5000,5000,medium,
battle_of_hochstadt_b,France,2000,2000,medium,
battle_of_hogland_b,Sweden,1000,1200,medium,
battle_of_hohenlinden_b,Austria,13550,15500,medium,
battle_of_hohenlinden_b,France,2500,3000,medium,
battle_of_hokuetsu_b,Satsuma Domain,1000,1000,medium,
battle_of_hollabrunn_b,Austrian Empire,1200,1200,medium,
battle_of_hondschoote_b,French Republic,3000,3000,medium,
battle_of_hondschoote_b,Great Britain,4000,4000,medium,
battle_of_hornefors_b,Российская империя,107,209,medium,
battle_of_huaqui_b,Provinces-Unies du Río de la Plata,1000,1000,medium,
battle_of_hubbardton_b,États-Unis,230,230,medium,
battle_of_hubbardton_b,Royaume de Grande-Bretagne,141,168,medium,
battle_of_hue_b,North Vietnam,1042,2400,medium,
battle_of_hue_b,South Vietnam,2700,2700,medium,
battle_of_huhnerwasser_b,Empire d'Autriche,277,277,medium,
battle_of_hundheim_b,Grand-duché de Bade,102,102,medium,
battle_of_hurtgen_forest_b,Germany,28000,28000,medium,
battle_of_hurtgen_forest_b,United States,33000,33000,medium,
battle_of_hyeres_islands_b,République française,100,100,medium,
battle_of_ibarra_b,Empire espagnol,406,406,medium,
battle_of_ica_b,Liberating Expedition,1000,1000,medium,
battle_of_ichkeria_b,Russian Empire,4000,4000,medium,
battle_of_idelimane_b,MNLA,100,100,medium,
battle_of_idstedt_b,Denmark,3615,3615,medium,
battle_of_idstedt_b,Schleswig-Holstein,2808,2808,medium,
battle_of_ifoghas_b,AQMI,200,300,medium,
battle_of_ifoghas_b,France,120,120,medium,
battle_of_iganie_b,Kingdom of Poland,1500,1500,medium,
battle_of_iganie_b,Russian Empire,4000,4000,medium,
battle_of_ilomantsi_b,Finland,1300,1300,medium,
battle_of_ilomantsi_b,Soviet Union,3200,3200,medium,
battle_of_inkerman_b,Russia,11959,11959,medium,
battle_of_inkerman_b,United Kingdom,4373,4373,medium,
battle_of_intombe_b,Empire britannique,100,100,medium,
battle_of_inyezane_b,Royaume zoulou,300,400,medium,
battle_of_iquique_b,Chili,143,143,medium,
battle_of_irpin_b,Russie,150,150,medium,
battle_of_isandlwana_b,United Kingdom,1300,1300,medium,
battle_of_isandlwana_b,Zulu Kingdom,3000,5000,medium,
battle_of_isaszeg_b,Hungarian Revolutionary Army,1000,1000,medium,
battle_of_isly_b,Morocco,1500,1500,medium,
battle_of_ituzaingo_b,Empire du Brésil,150,800,medium,
battle_of_ituzaingo_b,Provinces-Unies du Río de la Plata,142,216,medium,
battle_of_izium_b,Russie,200,1500,medium,
battle_of_izium_b,Ukraine,300,300,medium,
battle_of_jaffna_b,Sri Lankan Government,1000,1000,medium,
battle_of_jalalabad_b,Afghanistan,1500,3000,medium,
battle_of_jalalabad_b,Pakistan,3000,5000,medium,
battle_of_jarama_b,Nationalist Spain,6000,20000,medium,
battle_of_jarama_b,Spanish Republic,10000,20000,medium,
battle_of_jassin_b,Empire allemand,200,200,medium,
battle_of_jassin_b,Royaume-Uni de Grande-Bretagne et d'Irlande,276,276,medium,
battle_of_jemappes_b,France,2000,2000,medium,
battle_of_jemappes_b,Holy Roman Empire,1241,1500,medium,
battle_of_jena_auerstedt_b,French Empire,5000,6000,medium,
battle_of_jena_auerstedt_b,Prussia,26000,27000,medium,
battle_of_jenin_b,Israel,1000,1000,medium,
battle_of_jenipapo_b,Empire du Brésil,200,742,medium,
battle_of_jersey_b,Royaume de France,456,456,medium,
battle_of_jerusalem_b,Allied Powers,18000,18000,medium,
battle_of_jerusalem_b,Central Powers,25000,25000,medium,
battle_of_jhelum_indian_mutiny_b,14 e Infanterie indigène du Bengale (500 mutins Cipaye),108,150,medium,
battle_of_jhelum_indian_mutiny_b,"Royaume-Uni 24 e régiment d'infanterie (285 hommes) Le bataillon de police de Miller (150 hommes) Cavalerie de police (60 sabres) Moolantee Mounted Levie (250 sabres) Compagnie du capitaine Cookes, ar",109,109,medium,
battle_of_jiangnan_1860_b,Qing dynasty,140000,140000,medium,
battle_of_jiangnan_1860_b,Taiping Heavenly Kingdom,8000,8000,medium,
battle_of_jicin_b,Austria,4704,4704,medium,
battle_of_jicin_b,Prussia,1553,1553,medium,
battle_of_jijiga_b,Ethiopia,1977,1977,medium,
battle_of_jinan_b,People's Liberation Army,26000,26000,medium,
battle_of_jinan_b,Republic of China Army,22423,22423,medium,
battle_of_jinzhou_b,People's Liberation Army,24000,24000,medium,
battle_of_jinzhou_b,Republic of China Army,20000,20000,medium,
battle_of_jiuliancheng_b,Empire de Chine,2000,2000,medium,
battle_of_jiuliancheng_b,Empire du Japon,140,140,medium,
battle_of_junin_b,Espagne,250,250,medium,
battle_of_junin_b,Pérou,150,150,medium,
battle_of_jutas_b,Suécia,129,129,medium,
battle_of_jutland_b,German Empire,2551,2551,medium,
battle_of_jutland_b,United Kingdom,6094,6094,medium,
battle_of_kabul_b,Британская империя,500,1000,medium,
battle_of_kafr_el_dawwar_b,Égypte,200,200,medium,
battle_of_kaidanowo_b,French Empire,1000,2000,medium,
battle_of_kaipiais_b,Королевство Швеция,265,265,medium,
battle_of_kaiserslautern_b,Kingdom of Prussia,1300,1300,medium,
battle_of_kaiserslautern_b,Republican France,2000,3100,medium,
battle_of_kakarong_de_sili_b,Katipunan,1000,1000,medium,
battle_of_kalach_b,Germany,5000,6000,medium,
battle_of_kalach_b,Soviet Union,35000,35000,medium,
battle_of_kalgan_b,Chinese Red Army,100000,100000,medium,
battle_of_kalgan_b,National Revolutionary Army,12000,12000,medium,
battle_of_kalimanci_b,Kingdom of Bulgaria,2400,2400,medium,
battle_of_kalimanci_b,Kingdom of Serbia,2500,2500,medium,
battle_of_kamatero_b,Османская империя,500,500,medium,
battle_of_kambula_b,Zulu Kingdom,2000,2000,medium,
battle_of_kamdesh_b,Taliban,100,100,medium,
battle_of_kandahar_b,Afghanistan,1000,1000,medium,
battle_of_kapolna_b,Hungarian Revolutionary Army,1540,1740,medium,
battle_of_karakilisa_b,Armenia,1000,1000,medium,
battle_of_karameh_b,Israël,161,161,medium,
battle_of_karameh_b,Jordanie,100,250,medium,
battle_of_karansebes_b,Habsburg monarchy,10000,10000,medium,
battle_of_karbogaz_b,France,1000,1000,medium,
battle_of_kardzhali_b,Bulgaria,190,450,medium,
battle_of_karpenisi_b,Ottoman Empire,1000,1000,medium,
battle_of_kars_b,Armenia,3000,3000,medium,
battle_of_karstula_b,Российская империя,250,300,medium,
battle_of_kassala_b,Mahdist Sudan,1400,1400,medium,
battle_of_kazimierz_dolny_b,Royaume de Pologne,1200,1200,medium,
battle_of_keelung_b,Giappone,200,200,medium,
battle_of_kehl_b,Франция,150,1200,medium,
battle_of_keren_b,British Empire,3229,3229,medium,
battle_of_keren_b,Italy,3000,3000,medium,
battle_of_kge_b,Denmark–Norway,1700,1700,medium,
battle_of_kharkiv_b,Russia,4370,4700,medium,
battle_of_khartoum_b,Sudanese government,46000,46000,medium,
battle_of_khasham_b,Russie,100,400,medium,
battle_of_khorramshahr_b,Iran,7000,7000,medium,
battle_of_khorramshahr_b,Iraq,2000,2000,medium,
battle_of_khunzakh_b,Северо-Кавказский имамат,200,200,medium,
battle_of_kidal_b,Mali,100,100,medium,
battle_of_kiev_b,Germany,16992,16992,medium,
battle_of_kiev_b,Soviet Union,118042,118042,medium,
battle_of_kilkis_lahanas_b,Bulgaria,6971,6971,medium,
battle_of_kilkis_lahanas_b,Greece,8828,8828,medium,
battle_of_kinburn_1787_b,Ottoman Empire,4000,4000,medium,
battle_of_kinburn_1787_b,Russian Empire,1000,1000,medium,
battle_of_kings_mountain_b,Royaume de Grande-Bretagne,163,716,medium,
battle_of_kirbekan_b,Mahdist State,2000,2000,medium,
battle_of_kircheib_b,France,1500,1500,medium,
battle_of_kirk_kilisse_b,Bulgaria,4034,4034,medium,
battle_of_kirk_kilisse_b,Ottoman Empire,1500,1500,medium,
battle_of_kirkuk_b,Curdistão iraquiano,150,150,medium,
battle_of_kismayo_b,Somalie,118,118,medium,
battle_of_kissingen_b,Bavaria,1256,1256,medium,
battle_of_kissingen_b,Prussia,1589,1589,medium,
battle_of_klyastitsy_b,French Empire,3700,3700,medium,
battle_of_klyastitsy_b,Russian Empire,4300,4300,medium,
battle_of_knjazevac_b,Kingdom of Bulgaria,5000,5000,medium,
battle_of_ko_chang_b,Thaïlande,300,300,medium,
battle_of_kobrin_b,Kingdom of Saxony,2300,2300,medium,
battle_of_kohima_b,Japan,5764,7000,medium,
battle_of_kohima_b,United Kingdom,4064,4064,medium,
battle_of_kolding_b,Dänemark,145,393,medium,
battle_of_kolding_b,Schleswig-Holstein,265,265,medium,
battle_of_koljonvirta_b,Russian Empire,1106,1106,medium,
battle_of_kollaa_b,Finland,1500,1500,medium,
battle_of_kollaa_b,Soviet Union,8000,8000,medium,
battle_of_kolubara_b,Austria-Hungary,273000,273000,medium,
battle_of_kolubara_b,Kingdom of Serbia,132000,132000,medium,
battle_of_komarow_b,Russian SFSR,4000,4000,medium,
battle_of_komsomolskoye_b,République tchétchène d'Itchkérie,700,800,medium,
battle_of_komsomolskoye_b,Russie,300,300,medium,
battle_of_koniggratz_b,Austria,31000,31000,medium,
battle_of_koniggratz_b,Prussia,9172,9172,medium,
battle_of_koniginhof_b,Empire d'Autriche,600,600,medium,
battle_of_konigsberg_b,Germany,50000,50000,medium,
battle_of_konigsberg_b,Soviet Union,3700,3700,medium,
battle_of_konna_b,Ansar Dine,150,150,medium,
battle_of_konya_b,Ottoman Empire,3000,3000,medium,
battle_of_korea_strait_b,Corée du Nord,600,600,medium,
battle_of_korytsa_b,Greece,2348,2348,medium,
battle_of_korytsa_b,Italy,1200,1200,medium,
battle_of_koshu_katsunuma_b,Bakufu,300,300,medium,
battle_of_koziatyn_b,Russian SFSR,8000,8000,medium,
battle_of_kozludzha_b,Ottoman Empire,3000,3000,medium,
battle_of_krabbendam_b,France,1876,1876,medium,
battle_of_krasnoi_b,France,5000,5000,medium,
battle_of_krasnoi_b,Russia,2000,2000,medium,
battle_of_krasny_bor_b,Germany,3645,3645,medium,
battle_of_krasny_bor_b,Soviet Union,13563,13563,medium,
battle_of_kresna_gorge_b,Greece,10000,10000,medium,
battle_of_krivasoo_b,Soviet Russia,35000,35000,medium,
battle_of_kronstadt_b,Российская империя,246,283,medium,
battle_of_kruty_2022_b,Russie,200,200,medium,
battle_of_kruty_b,République nationale ukrainienne,300,300,medium,
battle_of_kulevicha_b,Ottoman Empire,5000,5000,medium,
battle_of_kulevicha_b,Russian Empire,2000,2000,medium,
battle_of_kulm_b,France,13000,13000,medium,
battle_of_kulm_b,Russia,11000,11000,medium,
battle_of_kumanovo_b,Kingdom of Serbia,3280,3280,medium,
battle_of_kumanovo_b,Ottoman Empire,1200,1200,medium,
battle_of_kunduz_b,Taliban,150,150,medium,
battle_of_kupiansk_b,Russia,1500,1500,medium,
battle_of_kursk_b,Germany,54182,54182,medium,
battle_of_kursk_b,Soviet Union,177847,177847,medium,
battle_of_kutahya_eskisehir_b,Ankara Government,1643,1643,medium,
battle_of_kutahya_eskisehir_b,Greece,1491,1491,medium,
battle_of_kuwayfia_b,Ottoman Empire,1150,1150,medium,
battle_of_kyiv_b,Ukrainian People's Republic,1286,1286,medium,
battle_of_la_bisbal_b,France,1600,1600,medium,
battle_of_la_favorite_b,French Republic,1200,1200,medium,
battle_of_la_favorite_b,Habsburg monarchy,1300,1300,medium,
battle_of_la_rothiere_b,Austria,6000,7000,medium,
battle_of_la_rothiere_b,France,5600,6000,medium,
battle_of_la_tremblaye_b,French Royalists,1200,1200,medium,
battle_of_ladysmith_b,Empire britannique,106,1248,medium,
battle_of_lahti_b,Finnish Reds,30000,30000,medium,
battle_of_laings_nek_b,Royaume-Uni de Grande-Bretagne et d'Irlande,113,113,medium,
battle_of_lake_khasan_b,Japan,3000,3000,medium,
battle_of_lake_khasan_b,Soviet Union,3279,3279,medium,
battle_of_lambach_b,Empire d'Autriche,148,400,medium,
battle_of_landshut_b,Austria,8000,8000,medium,
battle_of_landshut_b,France,1000,1000,medium,
battle_of_lang_son_b,China,1271,1271,medium,
battle_of_lang_son_b,Vietnam,10401,10401,medium,
battle_of_langensalza_b,Hanover,1051,1051,medium,
battle_of_langnes_b,Norwegia,100,100,medium,
battle_of_lao_cai_b,China,7886,7886,medium,
battle_of_lao_cai_b,Vietnam,13500,13500,medium,
battle_of_lapua_b,Российская империя,131,200,medium,
battle_of_las_guasimas_b,Spanish Empire,1037,1037,medium,
battle_of_las_piedras_b,Espagne,100,500,medium,
battle_of_las_queseras_del_medio_b,Couronne d'Espagne,400,400,medium,
battle_of_las_tres_acequias_b,Carrerinos,400,400,medium,
battle_of_laswari_b,Maratha Empire,1000,1000,medium,
battle_of_laufach_b,Grand-duché de Hesse,115,394,medium,
battle_of_laukkai_b,Myanmar,2479,2479,medium,
battle_of_le_cateau_b,Republican France,1200,1200,medium,
battle_of_le_mans_1793_b,Vendéens,15000,15000,medium,
battle_of_le_mans_b,French Republic,6000,6000,medium,
battle_of_le_mans_b,North German Confederation,3500,3500,medium,
battle_of_lege_1794_b,République française,200,400,medium,
battle_of_lege_b,République française,100,100,medium,
battle_of_lemnos_b,Empire ottoman,190,190,medium,
battle_of_lenino_b,Germany,1800,1800,medium,
battle_of_lenino_b,Soviet Union,3000,3000,medium,
battle_of_lepel_b,Третий рейх,832,832,medium,
battle_of_leyte_gulf_b,Japan,12000,12000,medium,
battle_of_leyte_gulf_b,United States,3000,3000,medium,
battle_of_liaoyang_b,Empire of Japan,22922,22922,medium,
battle_of_liaoyang_b,Russian Empire,19112,19112,medium,
battle_of_lida_b,Польша,200,350,medium,
battle_of_limanowa_b,Austria-Hungary,106472,106472,medium,
battle_of_limanowa_b,Russian Empire,110000,110000,medium,
battle_of_limonest_b,Austrian Empire,2875,2875,medium,
battle_of_limonest_b,First French Empire,1000,1000,medium,
battle_of_lissa_1866_b,Empire d'Autriche,138,138,medium,
battle_of_lissa_1866_b,Royaume d'Italie,643,643,medium,
battle_of_lissa_b,Empire français,700,700,medium,
battle_of_lissa_b,Royaume-Uni de Grande-Bretagne et d'Irlande,145,145,medium,
battle_of_llanos_de_santa_juana_b,Mexique,300,300,medium,
battle_of_loano_b,First French Republic,1700,3000,medium,
battle_of_loano_b,Habsburg Austria,7000,7500,medium,
battle_of_lodi_b,Habsburg monarchy,1700,1700,medium,
battle_of_lomas_de_santa_maria_b,Espagne,200,200,medium,
battle_of_lomas_de_santa_maria_b,Mexique,789,789,medium,
battle_of_lomas_valentinas_b,Empire of Brazil,3270,3270,medium,
battle_of_lomas_valentinas_b,Paraguay,3000,3000,medium,
battle_of_lonato_b,Austria,5000,5000,medium,
battle_of_lonato_b,France,2000,2000,medium,
battle_of_long_island_b,United States,1079,1079,medium,
battle_of_long_tan_b,Nord Viêt Nam,245,245,medium,
battle_of_longewala_b,Pakistan,200,500,medium,
battle_of_lopera_b,Camp nationaliste,200,200,medium,
battle_of_lopera_b,République espagnole,300,600,medium,
battle_of_los_carbayedos_b,Primer Imperio francés,235,235,medium,
battle_of_lubeck_b,France,1500,2000,medium,
battle_of_lubeck_b,Prussia,6000,9000,medium,
battle_of_lucon_b,French Royalists,5000,5000,medium,
battle_of_lugo_b,Empire français,300,300,medium,
battle_of_lule_burgas_b,Bulgaria,20000,20000,medium,
battle_of_lule_burgas_b,Ottoman Empire,22000,22000,medium,
battle_of_lume_b,Serbia,109,2000,medium,
battle_of_lushunkou_b,Empire de Chine,4500,4500,medium,
battle_of_lushunkou_b,Empire du Japon,233,233,medium,
battle_of_lwow_1939_b,Reich allemand,484,918,medium,
battle_of_lyakhovo_b,French Empire,2000,2000,medium,
battle_of_lyngr_b,Великобритания,133,133,medium,
battle_of_lysychansk_b,Ukraine,1120,1120,medium,
battle_of_maaten_al_sarra_b,Libya,1000,1713,medium,
battle_of_mabitac_b,side 0,180,180,medium,
battle_of_macin_b,Ottoman Empire,4000,4000,medium,
battle_of_macin_b,Russian Empire,1000,1000,medium,
battle_of_macon_b,France,1300,1300,medium,
battle_of_madagascar_b,Vichy France,1000,1000,medium,
battle_of_maella_b,Liberals ( Isabelinos or Cristinos ),3115,3115,medium,
battle_of_magdhaba_b,Ottoman Empire,1242,1282,medium,
battle_of_magenta_b,Austria,1368,1368,medium,
battle_of_magenta_b,France,3223,3223,medium,
battle_of_magersfontein_b,Empire britannique,210,675,medium,
battle_of_magersfontein_b,République sud-africaine du Transvaal,188,188,medium,
battle_of_magnano_b,French Republic,8000,8000,medium,
battle_of_magnano_b,Habsburg monarchy,6000,6000,medium,
battle_of_maguilla_b,Royaume-Uni de Grande-Bretagne et d'Irlande,118,118,medium,
battle_of_mahidpur_b,Indore State,3000,3000,medium,
battle_of_mahiwa_b,British Empire,2700,2700,medium,
battle_of_maida_b,Empire français,2082,2082,medium,
battle_of_maida_b,Royaume-Uni de Grande-Bretagne et d'Irlande,327,327,medium,
battle_of_mainz_b,First French Republic,3000,3000,medium,
battle_of_mainz_b,Habsburg monarchy,1400,1400,medium,
battle_of_maipu_b,Chile,1000,1000,medium,
battle_of_maipu_b,Spain,2000,2000,medium,
battle_of_maiwand_b,British Empire,1200,1200,medium,
battle_of_maiwand_b,Emirate of Afghanistan,2500,3000,medium,
battle_of_majadahonda_b,Empire français,100,120,medium,
battle_of_malaga_b,Spanish Republic,3000,3000,medium,
battle_of_malakoff_b,French Empire,5000,5000,medium,
battle_of_malakoff_b,Russian Empire,1500,1500,medium,
battle_of_mallavelly_b,Mysore,1000,2000,medium,
battle_of_maloyaroslavets_b,French Empire,6000,8000,medium,
battle_of_maloyaroslavets_b,Russian Empire,8000,8000,medium,
battle_of_malvern_hill_b,Confederate States,5650,5650,medium,
battle_of_malvern_hill_b,United States,3007,3007,medium,
battle_of_mandora_b,United Kingdom,1136,1136,medium,
battle_of_mang_yang_pass_b,Union française,950,950,medium,
battle_of_mang_yang_pass_b,Việt Minh,100,100,medium,
battle_of_maniaki_b,First Hellenic Republic,1000,1000,medium,
battle_of_manila_1945_b,Japan,16000,16000,medium,
battle_of_manila_1945_b,United States,1010,1010,medium,
battle_of_manila_b,Philippine Republic,3300,3300,medium,
battle_of_manresa_b,Французская империя,800,852,medium,
battle_of_mansilla_b,Bourbon Spain,1500,1500,medium,
battle_of_mao_khe_b,Democratic Republic of Vietnam,2000,3000,medium,
battle_of_marash_b,Turkish National Movement,4500,4500,medium,
battle_of_marengo_b,French Republic,5600,5600,medium,
battle_of_marengo_b,Habsburg monarchy,6000,6000,medium,
battle_of_maria_b,Kingdom of Spain,4500,4500,medium,
battle_of_mars_la_tour_b,French Empire,17007,17007,medium,
battle_of_mars_la_tour_b,North German Confederation,15799,15799,medium,
battle_of_mas_deu_b,République française,150,250,medium,
battle_of_massawa_1977_b,EPLF,2000,2000,medium,
battle_of_massawa_b,EPLF,3000,3000,medium,
battle_of_massawa_b,Ethiopia,9000,9000,medium,
battle_of_matrand_b,Королевство Норвегия,288,288,medium,
battle_of_mawa_b,Germany,1800,1800,medium,
battle_of_mawa_b,Poland,1200,1200,medium,
battle_of_maychew_b,Ethiopia,1000,8000,medium,
battle_of_maychew_b,Italy,1273,1273,medium,
battle_of_maysalun_b,Syria,1500,1500,medium,
battle_of_mecca_b,Османская империя,32950,32950,medium,
battle_of_medellin_b,French Empire,1000,1000,medium,
battle_of_medellin_b,Spain,8000,8000,medium,
battle_of_medina_1812_b,Emirate of Diriyah,7000,7000,medium,
battle_of_medina_b,Republican Army of the North,1300,1300,medium,
battle_of_medina_de_rioseco_b,Spain,2200,3000,medium,
battle_of_melilla_b,Royaume d'Espagne,200,200,medium,
battle_of_mendigorria_b,Carlists,1500,1500,medium,
battle_of_mendigorria_b,Liberals ( Isabelinos or Cristinos ),1000,1000,medium,
battle_of_menin_b,Dutch Republic,1550,1550,medium,
battle_of_menin_b,France,1500,1500,medium,
battle_of_merhamli_b,Ottoman Empire,9600,9600,medium,
battle_of_merida_b,République espagnole,250,250,medium,
battle_of_mesoten_b,Prussia,1250,1250,medium,
battle_of_mesoten_b,Russian Empire,4000,4000,medium,
battle_of_messkirch_b,Habsburg Austria,2400,2400,medium,
battle_of_messkirch_b,Republican France,3000,3000,medium,
battle_of_miajadas_b,Empire français,132,150,medium,
battle_of_mileto_b,Kingdom of Sicily,1633,1633,medium,
battle_of_millesimo_b,French Republic,1000,1000,medium,
battle_of_millesimo_b,Kingdom of Sardinia,2000,3000,medium,
battle_of_mir_1812_b,Duché de Varsovie,248,700,medium,
battle_of_mir_1812_b,Empire russe,300,300,medium,
battle_of_miraflores_b,Chile,1622,1622,medium,
battle_of_miraflores_b,Peru,1200,1200,medium,
battle_of_mirali_b,Армия Пакистана,100,175,medium,
battle_of_misrata_1912_b,Royaume d'Italie,142,142,medium,
battle_of_misrata_b,Anti-Gaddafi forces,1215,1215,medium,
battle_of_mobekk_b,Швеция,269,269,medium,
battle_of_mobile_bay_b,Confederate States,1587,1587,medium,
battle_of_modder_river_b,Empire britannique,372,372,medium,
battle_of_modena_b,Habsburg Austria,2400,2400,medium,
battle_of_mogadishu_2010_b,Harakat al-Shabaab Mujahideen,1000,1300,medium,
battle_of_mogadishu_b,Alliance nationale somalienne,312,814,medium,
battle_of_mogadishu_b,UNOSOM II,105,105,medium,
battle_of_mohrungen_b,French Empire,1096,1096,medium,
battle_of_mohrungen_b,Russian Empire,1400,1400,medium,
battle_of_mojkovac_b,Австро-Венгрия,205,700,medium,
battle_of_molino_del_rey_b,États-Unis,116,799,medium,
battle_of_molino_del_rey_b,Mexique,269,769,medium,
battle_of_molins_de_rey_b,Kingdom of Spain,2200,2200,medium,
battle_of_mollet_b,Empire français,640,700,medium,
battle_of_monastir_b,Kingdom of Serbia,2121,2121,medium,
battle_of_monastir_b,Ottoman Empire,3000,3000,medium,
battle_of_mondovi_b,Sardinia,1600,1600,medium,
battle_of_monmouth_b,Great Britain,1134,1134,medium,
battle_of_monocacy_b,Union,1294,1294,medium,
battle_of_montaigu_b,Republican France,2000,2000,medium,
battle_of_montcornet_b,Reich allemand,130,1000,medium,
battle_of_monte_berico_b,Австрийская империя,140,1655,medium,
battle_of_monte_santiago_b,Аргентина,160,160,medium,
battle_of_montebello_1859_b,Austria,1423,1423,medium,
battle_of_montebello_b,Austria,1445,1445,medium,
battle_of_montebello_b,France,3000,3000,medium,
battle_of_montejurra_1873_b,Испанская республика,600300,600300,medium,
battle_of_montenegro_b,Confederación Perú-Boliviana,180,300,medium,
battle_of_montenotte_b,Habsburg monarchy,3500,3500,medium,
battle_of_monterrey_b,États-Unis,120,368,medium,
battle_of_monterrey_b,Mexique,367,367,medium,
battle_of_montreuil_bellay_b,République française,102,900,medium,
battle_of_montserrat_b,Empire français,200,200,medium,
battle_of_montserrat_b,Royaume d'Espagne,400,400,medium,
battle_of_moores_creek_bridge_b,Loyalistes,850,850,medium,
battle_of_moquegua_b,Liberating Expedition,1000,1000,medium,
battle_of_morava_ivan_b,Greece,2348,2348,medium,
battle_of_morava_ivan_b,Italy,1000,1000,medium,
battle_of_mortara_b,Piedmont-Sardinia,2400,2400,medium,
battle_of_moscow_b,Germany,1941,1941,medium,
battle_of_moscow_b,Soviet Union,1941,1941,medium,
battle_of_mosul_b,Iraq,1200,1400,medium,
battle_of_mosul_b,Islamic State,7757,10859,medium,
battle_of_motien_pass_b,Russian Empire,1213,1213,medium,
battle_of_mount_ortigara_b,Austria-Hungary,9000,9000,medium,
battle_of_mount_ortigara_b,Italy,23000,23000,medium,
battle_of_mouscron_b,Habsburg Austria,1760,1760,medium,
battle_of_mouscron_b,Republican France,1500,1500,medium,
battle_of_mudki_b,Compagnie anglaise des Indes orientales,215,657,medium,
battle_of_mukden_b,Japan,77504,77504,medium,
battle_of_mukden_b,Russia,88352,88352,medium,
battle_of_mulhouse_b,France,2500,2500,medium,
battle_of_mulhouse_b,Germany,3000,3000,medium,
battle_of_munchengratz_b,Austria,3000,3000,medium,
battle_of_muong_khoua_b,Union française,310,310,medium,
battle_of_muottental_b,France,2700,2700,medium,
battle_of_muottental_b,Russia,1000,1100,medium,
battle_of_musa_qala_b,Taliban,100,100,medium,
battle_of_mykolaiv_b,Russie,300,300,medium,
battle_of_mysunde_1850_b,Дания,213,455,medium,
battle_of_mysunde_b,Royaume de Prusse,199,199,medium,
battle_of_mysunde_b,Royaume du Danemark,141,141,medium,
battle_of_na_san_b,Democratic Republic of Vietnam,1000,1544,medium,
battle_of_nachod_b,Austrian Empire,5719,5719,medium,
battle_of_nachod_b,Prussia,1122,1122,medium,
battle_of_nagysallo_b,Austrian Empire,1538,1538,medium,
battle_of_najafgarh_b,Великобритания,800,800,medium,
battle_of_nam_river_b,North Korea,11000,11000,medium,
battle_of_nanao_island_b,Republic of China (Taiwan),1348,1348,medium,
battle_of_nanchang_b,China,22536,22536,medium,
battle_of_nanchang_b,Empire of Japan,24000,24000,medium,
battle_of_nanjing_b,Qing Dynasty,30000,30000,medium,
battle_of_nanjing_b,Taiping Heavenly Kingdom,10000,10000,medium,
battle_of_nanking_b,China,33000,33000,medium,
battle_of_nanking_b,Japan,1558,1558,medium,
battle_of_nanri_island_b,République populaire de Chine,500,700,medium,
battle_of_nanri_island_b,Taïwan,100,100,medium,
battle_of_nanshan_b,Empire of Japan,6198,6198,medium,
battle_of_nanshan_b,Russian Empire,1616,1616,medium,
battle_of_nantes_b,French Royalists,1500,1500,medium,
battle_of_nashville_b,Confederate States,6000,6000,medium,
battle_of_nashville_b,United States,3061,3061,medium,
battle_of_navarino_b,Ottoman Empire,4000,4000,medium,
battle_of_navarro_b,Ejército Unitario,100,100,medium,
battle_of_nazar_and_asarta_b,Carlistas,300,300,medium,
battle_of_ndjamena_2006_b,FUC,287,370,medium,
battle_of_ndjamena_2006_b,Tchad,100,100,medium,
battle_of_ndjamena_b,CMU,135,500,medium,
battle_of_ndjamena_b,Tchad,400,900,medium,
battle_of_neerwinden_b,Habsburg monarchy,2859,3000,medium,
battle_of_neerwinden_b,Republican France,4000,5000,medium,
battle_of_negapatam_b,Royaume de France,178,601,medium,
battle_of_negapatam_b,Royaume de Grande-Bretagne,233,233,medium,
battle_of_neresheim_b,French Republic,2400,3000,medium,
battle_of_neresheim_b,Habsburg monarchy,1600,3000,medium,
battle_of_neuburg_b,République française,200,800,medium,
battle_of_neuburg_b,Saint-Empire,600,700,medium,
battle_of_neuwied_b,France,2000,2000,medium,
battle_of_neuwied_b,Habsburg Austria,10000,10000,medium,
battle_of_nevel_b,Germany,7000,7000,medium,
battle_of_nevel_b,Soviet Union,43551,43551,medium,
battle_of_new_market_b,États confédérés,531,531,medium,
battle_of_new_market_b,États-Unis,841,841,medium,
battle_of_nezib_b,Ottoman Empire,12000,12000,medium,
battle_of_nghia_lo_b,Democratic Republic of Vietnam,1000,4000,medium,
battle_of_ngomano_b,Portugal,227,550,medium,
battle_of_nietjarvi_b,Soviet Union,2200,2200,medium,
battle_of_ningpo_b,Dynastie Qing,500,600,medium,
battle_of_nitzanim_b,Israël,105,105,medium,
battle_of_nivelle_b,France,3200,3200,medium,
battle_of_nivelle_b,United Kingdom,5300,5300,medium,
battle_of_noirmoutier_b,Vendeans,1500,1500,medium,
battle_of_noisseville_b,France,3401,3401,medium,
battle_of_noisseville_b,Prussia,2850,2850,medium,
battle_of_nooitgedacht_b,Empire britannique,109,368,medium,
battle_of_norfolk_b,Ba'athist Iraq,11500,11500,medium,
battle_of_north_anna_b,CSA (Confederacy),1552,1552,medium,
battle_of_north_anna_b,United States,3986,3986,medium,
battle_of_novara_b,Austria,2657,2657,medium,
battle_of_novara_b,Sardinia,5946,5946,medium,
battle_of_novi_b,French Republic,9663,12000,medium,
battle_of_novi_b,Russian Empire,8000,9000,medium,
battle_of_nowa_wies_b,Russie impériale,200,200,medium,
battle_of_nui_bop_b,Empire de Chine,600,600,medium,
battle_of_nybl_b,Дания,150150,150150,medium,
battle_of_obilesti_b,Ottoman Empire,3000,3000,medium,
battle_of_obilesti_b,Russian Empire,1000,1000,medium,
battle_of_ocana_b,France,1700,2000,medium,
battle_of_ocana_b,Spain,4000,5000,medium,
battle_of_occhiobello_b,Naples,2000,2000,medium,
battle_of_odzak_b,Yugoslavia,1000,10000,medium,
battle_of_okinawa_b,Japan,94136,94136,medium,
battle_of_okinawa_b,United States,50000,50000,medium,
battle_of_oland_b,Россия,176,176,medium,
battle_of_olper_b,Royaume de Westphalie,200,500,medium,
battle_of_olszynka_grochowska_b,Kingdom of Poland,6800,6800,medium,
battle_of_olszynka_grochowska_b,Russian Empire,9400,9400,medium,
battle_of_oltenitza_b,Russian Empire,3000,4000,medium,
battle_of_olustee_b,United States,1861,1861,medium,
battle_of_omdurman_2023_onwards_b,Sudanese government,46000,46000,medium,
battle_of_omdurman_b,Mahdist State,12000,12000,medium,
battle_of_oncativo_b,,500,3000,medium,
battle_of_ontigola_b,Французская империя,100,100,medium,
battle_of_opequon_b,Confederate States,4015,4015,medium,
battle_of_opequon_b,United States,5018,5018,medium,
battle_of_opsa_b,Речь Посполитая,300,300,medium,
battle_of_oravais_b,Russian Empire,1100,1100,medium,
battle_of_oravais_b,Sweden,1200,1200,medium,
battle_of_ordal_b,United Kingdom,2000,2000,medium,
battle_of_oriamendi_b,Liberal,1000,1500,medium,
battle_of_oriskany_b,États-Unis,385,385,medium,
battle_of_orokieta_b,Королевство Испания,749,749,medium,
battle_of_oshakan_b,Qajar Iran,3000,3500,medium,
battle_of_oshakan_b,Russian Empire,1130,1130,medium,
battle_of_osijek_b,side 0,800,800,medium,
battle_of_ostrach_b,Austria,2113,2113,medium,
battle_of_ostrach_b,France,2257,2257,medium,
battle_of_ostroeka_1831_b,Congress Poland,6400,6400,medium,
battle_of_ostroeka_1831_b,Russian Empire,5000,5000,medium,
battle_of_ostroeka_b,French Empire,1200,1200,medium,
battle_of_ostroeka_b,Russian Empire,1300,1300,medium,
battle_of_ostrovno_b,Kingdom of Naples,3000,3000,medium,
battle_of_ostrovno_b,Russian Empire,2500,2500,medium,
battle_of_ouergha_b,France,2000,3170,medium,
battle_of_oulu_b,Finnish Reds,1000,1000,medium,
battle_of_paardeberg_b,South African Republic,4019,4019,medium,
battle_of_pakozd_b,Empire d'Autriche,117,117,medium,
battle_of_pakozd_b,hongrois,100,200,medium,
battle_of_palestro_b,Austrian Empire,2000,2000,medium,
battle_of_palikao_b,Qing China,1200,1200,medium,
battle_of_pallet_b,Républicains,400,400,medium,
battle_of_palluau_b,Vendéens,100,150,medium,
battle_of_palonegro_b,Colombian government,1500,1500,medium,
battle_of_palonegro_b,Liberal Rebels,4000,4000,medium,
battle_of_papudo_b,Espagne,117,117,medium,
battle_of_pardakoski_karnakoski_b,Российская империя,173,285,medium,
battle_of_parkumaki_b,Королевство Швеция,130,625,medium,
battle_of_parthenay_b,Vendéens,100,600,medium,
battle_of_pavon_b,Argentine Confederation,1200,1300,medium,
battle_of_pea_ridge_b,Confederate States,2000,2000,medium,
battle_of_peiwar_kotal_b,Эмират Афганистан,200,200,medium,
battle_of_pells_point_b,Great Britain,1000,1000,medium,
battle_of_penang_b,France,136,136,medium,
battle_of_pente_pigadia_b,Grecia,222,222,medium,
battle_of_pered_b,Hungarian Revolutionary Army,2878,2878,medium,
battle_of_perpignan_b,Spain,1000,1000,medium,
battle_of_perryville_b,Confederate States,3396,3396,medium,
battle_of_perryville_b,United States,4241,4241,medium,
battle_of_pesaro_b,Royaume de Naples,200,250,medium,
battle_of_peschiera_b,République française,131,131,medium,
battle_of_peta_b,Empire ottoman,1000,1000,medium,
battle_of_peta_b,Révolutionnaires grecs,200,200,medium,
battle_of_petsamo_b,Finlande,187,187,medium,
battle_of_petsamo_b,Union soviétique,181,301,medium,
battle_of_peyrestortes_b,Spain,1702,3500,medium,
battle_of_phaleron_b,First Hellenic Republic,1500,1500,medium,
battle_of_philippeville_b,FLN,3000,3000,medium,
battle_of_piave_river_b,Austrian Empire,3600,3896,medium,
battle_of_piave_river_b,First French Empire,2000,3000,medium,
battle_of_pichincha_b,Spain,1260,1260,medium,
battle_of_pilar_b,República del Paraguay,100,250,medium,
battle_of_pindus_b,Italy,5000,5000,medium,
battle_of_pingxingguan_b,Empire of Japan,2952,2952,medium,
battle_of_pingxingguan_b,Republic of China,39402,39402,medium,
battle_of_pino_de_baire_b,Куба,200,200,medium,
battle_of_piraja_b,Empire du Brésil,200,633,medium,
battle_of_piraja_b,"Royaume-Uni de Portugal, du Brésil et des Algarves",221,375,medium,
battle_of_pirano_b,Empire français,400,400,medium,
battle_of_piribebuy_b,Paraguay,1600,1600,medium,
battle_of_pirmasens_b,Republican France,4000,4000,medium,
battle_of_pisagua_b,Chili,173,173,medium,
battle_of_pisagua_b,Pérou,150,674,medium,
battle_of_placilla_b,Balmaceda Government,1115,1115,medium,
battle_of_placilla_b,Congressionist Junta,2070,2070,medium,
battle_of_plattsburgh_b,États-Unis,200,200,medium,
battle_of_plattsburgh_b,Royaume-Uni,300,300,medium,
battle_of_podol_b,Empire d'Autriche,1015,1015,medium,
battle_of_podol_b,Royaume de Prusse,130,130,medium,
battle_of_point_pleasant_b,Colonie de Virginie,140,140,medium,
battle_of_pollilur_1781_b,Mysore,2000,2000,medium,
battle_of_pollilur_b,East India Company,2016,2016,medium,
battle_of_pont_barre_b,Republican France,2362,2362,medium,
battle_of_pont_charrault_b,République française,200,500,medium,
battle_of_pont_charrault_b,Vendéens,250,250,medium,
battle_of_ponte_ferreira_b,Miguelites,1500,1500,medium,
battle_of_ponte_sampaio_b,Empire français,300,600,medium,
battle_of_ponte_sampaio_b,Royaume d'Espagne,111,111,medium,
battle_of_pontorson_b,République française,300,1200,medium,
battle_of_ponts_de_ce_b,Vendéens,300,300,medium,
battle_of_poona_b,Peshwa,2000,2000,medium,
battle_of_porlampi_b,Finland,3400,3400,medium,
battle_of_porlampi_b,Soviet Union,17000,17000,medium,
battle_of_porrassalmi_b,Королевство Швеция,110,400,medium,
battle_of_port_arthur_b,Empire du Japon,132,132,medium,
battle_of_port_arthur_b,Empire russe,150,150,medium,
battle_of_portada_de_guias_b,Orbegoso government,1000,1000,medium,
battle_of_porto_praya_b,Royaume de Grande-Bretagne,147,147,medium,
battle_of_potrero_obella_b,Парагвай,500,500,medium,
battle_of_pozzolo_b,Austria,7000,9141,medium,
battle_of_pozzolo_b,France,4000,4000,medium,
battle_of_prenzlau_b,Prussia,3500,3500,medium,
battle_of_prilep_b,Kingdom of Serbia,2000,2000,medium,
battle_of_princeton_b,Royaume de Grande-Bretagne,100,280,medium,
battle_of_prokhorovka_b,Soviet Union,3563,3563,medium,
battle_of_provadia_1829_b,Ottoman Empire,1000,1500,medium,
battle_of_provadia_1829_b,Russian Empire,1000,1500,medium,
battle_of_pulkkila_b,Российская империя,301,345,medium,
battle_of_pungdo_b,China,1100,1100,medium,
battle_of_puruaran_b,Mexican Rebels,1000,1000,medium,
battle_of_puthukkudiyirippu_b,Ejército de Sri Lanka,420,420,medium,
battle_of_putusk_b,French Empire,3300,3300,medium,
battle_of_putusk_b,Russian Empire,3500,3500,medium,
battle_of_pyhajoki_b,Российская империя,101,183,medium,
battle_of_pyongyang_b,China,2000,2000,medium,
battle_of_qala_i_jangi_b,Alliance du Nord,250,250,medium,
battle_of_qala_i_jangi_b,Émirat islamique d'Afghanistan,500,500,medium,
battle_of_qbaada_b,Circassie,20000,20000,medium,
battle_of_quatre_chemins_b,République française,1000,1000,medium,
battle_of_quebec_b,Treize colonies,426,426,medium,
battle_of_queenston_heights_b,États-Unis,100,925,medium,
battle_of_quiberon_b,République française,300,300,medium,
battle_of_raab_b,Austrian Empire,10300,10300,medium,
battle_of_raab_b,French Empire,3000,4000,medium,
battle_of_raate_road_b,Soviet Union,4674,4674,medium,
battle_of_radzymin_b,Poland,3040,3040,medium,
battle_of_rafa_b,Ottoman Empire,1434,1434,medium,
battle_of_raismes_b,French Republic,2100,2100,medium,
battle_of_rajgrod_b,Польша,300,1200,medium,
battle_of_ramadi_b,État islamique,1254,1254,medium,
battle_of_ramadi_b,Irak,354,354,medium,
battle_of_raqqa_b,République arabe syrienne,300,300,medium,
battle_of_ras_al_ayn_b,Front al-Nosra,2012,2013,medium,
battle_of_ras_al_ayn_b,PYD,2013,2013,medium,
battle_of_ras_al_ayn_b,République arabe syrienne,2012,2012,medium,
battle_of_ras_kamboni_b,Unia Trybunałów Islamskich,100,100,medium,
battle_of_ras_lanuf_b,Libyan Opposition,1500,1500,medium,
battle_of_raseiniai_b,Union soviétique,704,704,medium,
battle_of_rastatt_b,Франция,200,200,medium,
battle_of_ratan_b,Sweden,2000,2000,medium,
battle_of_ratisbon_b,Austrian Empire,8000,8900,medium,
battle_of_ratisbon_b,French Empire,1000,2000,medium,
battle_of_rautu_b,Finnish Reds,1200,1200,medium,
battle_of_redinha_b,United Kingdom,1000,1000,medium,
battle_of_refugio_b,République du Texas,100,100,medium,
battle_of_resaca_de_la_palma_b,Mexique,154,205,medium,
battle_of_reval_b,Suède,250,250,medium,
battle_of_revolax_b,Российская империя,487,487,medium,
battle_of_rezang_la_b,China,1400,1400,medium,
battle_of_rhode_island_b,États-Unis,210,210,medium,
battle_of_rhode_island_b,Royaume de Grande-Bretagne,137,137,medium,
battle_of_rhodes_b,Empire ottoman,983,983,medium,
battle_of_riachuelo_b,Empire du Brésil,247,247,medium,
battle_of_rich_mountain_b,États confédérés,300,300,medium,
battle_of_rincon_b,Milicias Orientales,140,300,medium,
battle_of_rincon_de_valladares_b,Ejército Federal,200,200,medium,
battle_of_rivoli_b,French Republic,3200,5000,medium,
battle_of_rivoli_b,Habsburg monarchy,12000,14300,medium,
battle_of_robrunn_b,Royaume de Bavière,192,632,medium,
battle_of_robrunn_b,Royaume de Prusse,101,715,medium,
battle_of_rocheserviere_b,Vendéens,100,500,medium,
battle_of_rodeo_de_chacon_b,Федералисты,120,120,medium,
battle_of_rodeo_del_medio_b,Аргентинская конфедерация,300,400,medium,
battle_of_rolica_b,Empire français,600,700,medium,
battle_of_rolica_b,Royaume-Uni de Grande-Bretagne et d'Irlande,487,487,medium,
battle_of_romania_b,Germany,500000,500000,medium,
battle_of_ronco_b,Kingdom of Naples,1000,1000,medium,
battle_of_rorkes_drift_b,Royaume zoulou,351,1100,medium,
battle_of_rostov_b,Germany,1141,1141,medium,
battle_of_rostov_b,Soviet Union,33000,33000,medium,
battle_of_route_coloniale_4_b,Democratic Republic of Vietnam,9000,9000,medium,
battle_of_route_coloniale_4_b,French Union,4800,4800,medium,
battle_of_rovaniemi_b,Германия,101,164,medium,
battle_of_rovereto_b,Austria,3000,3000,medium,
battle_of_rumani_coast_b,Izrael,183,183,medium,
battle_of_ruona_b,Russian Empire,1000,1000,medium,
battle_of_ruona_b,Sweden,1000,1500,medium,
battle_of_ruschuk_b,Ottoman Empire,3500,3500,medium,
battle_of_rymnik_b,Ottoman Empire,20000,20000,medium,
battle_of_rymnik_b,Russia,1000,1000,medium,
battle_of_saalfeld_b,Prussia,1800,1800,medium,
battle_of_sabana_larga_b,Haiti,1000,1000,medium,
battle_of_sabugal_b,French Empire,1500,1500,medium,
battle_of_sacile_b,Austrian Empire,3846,4100,medium,
battle_of_sacile_b,First French Empire,2500,2500,medium,
battle_of_saguntum_b,French Empire,1000,1000,medium,
battle_of_saguntum_b,Kingdom of Spain,5700,6000,medium,
battle_of_sahagun_b,Empire français,209,320,medium,
battle_of_sailors_creek_b,Confederate States (Confederacy),7700,7700,medium,
battle_of_sailors_creek_b,United States,1148,1148,medium,
battle_of_saint_cyr_en_talmondais_b,Vendéens,140,300,medium,
battle_of_saint_dizier_b,Russia,1500,2500,medium,
battle_of_saint_fulgent_b,Republican France,3000,3000,medium,
battle_of_saint_julien_b,France,1300,1300,medium,
battle_of_saint_raphael_b,Royaume d'Espagne,200,200,medium,
battle_of_sakarya_b,Ankara Government,3700,3700,medium,
battle_of_sakarya_b,Greece,4000,4000,medium,
battle_of_salamanca_b,French Empire,6000,10000,medium,
battle_of_salamanca_b,United Kingdom,3129,3129,medium,
battle_of_salla_b,Soviet Union,4000,4000,medium,
battle_of_salta_b,Viceroyalty of Peru,2776,2776,medium,
battle_of_saltanovka_b,French Empire,1200,1200,medium,
battle_of_saltanovka_b,Russian Empire,2548,2548,medium,
battle_of_samarra_b,Иракские повстанцы,127,128,medium,
battle_of_samos_b,Ottoman Empire,1000,1000,medium,
battle_of_san_cala_b,Confederación Argentina,100,600,medium,
battle_of_san_domingo_b,France,1510,1510,medium,
battle_of_san_fermo_b,Empire d'Autriche,264,264,medium,
battle_of_san_francisco_b,Peru,1500,1500,medium,
battle_of_san_germano_b,Kingdom of Naples,3500,3500,medium,
battle_of_san_ignacio_de_piaxtla_b,Mexique,500,500,medium,
battle_of_san_jacinto_b,République mexicaine,208,630,medium,
battle_of_san_juan_and_chorrillos_b,Chile,3107,3319,medium,
battle_of_san_juan_and_chorrillos_b,Peru,4000,7500,medium,
battle_of_san_lorenzo_de_la_muga_b,Spain,1400,1400,medium,
battle_of_san_marcial_b,France,4000,4000,medium,
battle_of_san_marcial_b,Spain,2500,2500,medium,
battle_of_san_martino_b,Empire d'Autriche,2615,2615,medium,
battle_of_san_martino_b,Royaume de Sardaigne,691,3572,medium,
battle_of_san_millan_osma_b,Empire français,120,400,medium,
battle_of_san_millan_osma_b,Royaume-Uni de Grande-Bretagne et d'Irlande,100,100,medium,
battle_of_san_pedro_abanto_b,Испанская республика,2000,2200,medium,
battle_of_san_pedro_de_las_colonias_b,"Северная дивизия (конституционалисты, вильисты) Федеральная армия (уэртисты)",650,3500,medium,
battle_of_sandepu_b,Empire of Japan,9511,9511,medium,
battle_of_sandepu_b,Russian Empire,13963,13963,medium,
battle_of_sandostrom_b,Empire russe,350,350,medium,
battle_of_sandostrom_b,Royaume de Suède,393,393,medium,
battle_of_sanhe_b,Qing dynasty,6000,6000,medium,
battle_of_sankelmark_b,Австрийская империя,157,553,medium,
battle_of_sankt_michael_b,Austrian Empire,6573,6573,medium,
battle_of_sannas_post_b,Empire britannique,134,426,medium,
battle_of_sans_culottes_camp_b,République française,235,235,medium,
battle_of_sans_culottes_camp_b,Royaume d'Espagne,335,335,medium,
battle_of_santa_cruz_de_tenerife_b,Royaume de Grande-Bretagne,123,300,medium,
battle_of_santa_lucia_b,Empire d'Autriche,190,190,medium,
battle_of_santa_lucia_b,Royaume de Sardaigne,110,776,medium,
battle_of_santander_b,Nationalists,30000,30000,medium,
battle_of_santander_b,Republicans,60000,60000,medium,
battle_of_santiago_1844_b,Haïti,600,600,medium,
battle_of_sarandi_b,Empire du Brésil,158,575,medium,
battle_of_sarantaporo_b,Greece,1000,1000,medium,
battle_of_sarantaporo_b,Ottoman Empire,1000,1000,medium,
battle_of_sardarabad_b,Ottoman Empire,5500,5500,medium,
battle_of_sarikamish_1914_b,Ottoman Empire,30000,30000,medium,
battle_of_sarikamish_1914_b,Russian Empire,20000,22000,medium,
battle_of_sarkoy_b,Ottoman Empire,1842,1842,medium,
battle_of_sassello_b,Austria,1000,1000,medium,
battle_of_sassello_b,France,1000,1000,medium,
battle_of_sauce_b,Liga de los Pueblos Libres,150,150,medium,
battle_of_saumur_b,French Republic,1500,1500,medium,
battle_of_savenay_b,Vendéens,4000,6000,medium,
battle_of_savitaipal_b,Королевство Швеция,132,800,medium,
battle_of_savo_island_b,United States,1077,1077,medium,
battle_of_schleiz_b,Royaume de Prusse,566,566,medium,
battle_of_schliengen_b,France,1200,1200,medium,
battle_of_schongrabern_b,France,1200,2000,medium,
battle_of_schongrabern_b,Russia,2648,3000,medium,
battle_of_schwechat_b,Австрийская империя,500,500,medium,
battle_of_schweinschadel_b,Austrian Empire,1450,1450,medium,
battle_of_sedan_1940_b,France,5000,5000,medium,
battle_of_sedan_1940_b,Germany,5067,5067,medium,
battle_of_sedan_b,France,3220,3220,medium,
battle_of_sedan_b,North German Confederation,1310,1310,medium,
battle_of_segesvar_b,Hungarian Revolutionary Army,1200,1200,medium,
battle_of_sehested_b,Russia,1100,1100,medium,
battle_of_seival_b,Powstańcy Farrapos,180293,180293,medium,
battle_of_semarang_b,Indonesia,2000,2000,medium,
battle_of_senafe_b,Ethiopia,2000,2000,medium,
battle_of_seonghwan_b,Empire de Chine,500,500,medium,
battle_of_seven_pines_b,Confederate States,6134,6134,medium,
battle_of_seven_pines_b,United States,5431,5431,medium,
battle_of_shaho_b,Japan,21125,21125,medium,
battle_of_shaho_b,Russia,41351,41351,medium,
battle_of_shamkir_b,Российская империя,2000,2000,medium,
battle_of_shanggao_b,Empire of Japan,5500,5500,medium,
battle_of_shanggao_b,Republic of China,17719,17719,medium,
battle_of_shanghai_1861_b,Цинская империя,10000,25000,medium,
battle_of_shanghai_b,China,1937,1937,medium,
battle_of_shanghai_b,Japan,47000,47000,medium,
battle_of_shepherdstown_b,États confédérés,267,267,medium,
battle_of_shepherdstown_b,États-Unis,132,163,medium,
battle_of_shire_b,Ethiopia,4000,4000,medium,
battle_of_shire_b,Italy,1000,1000,medium,
battle_of_shusha_2020_b,Artsakh,1500,1500,medium,
battle_of_shusha_b,Azerbaïdjan,150,300,medium,
battle_of_sidi_bou_othman_b,Hibists,2000,2000,medium,
battle_of_sierra_bullones_b,Morocco,1500,1500,medium,
battle_of_sievierodonetsk_b,Russia,10000,11000,medium,
battle_of_sievierodonetsk_b,Ukraine,1220,1220,medium,
battle_of_singapore_b,British Empire,5000,5000,medium,
battle_of_singapore_b,Empire of Japan,1713,1714,medium,
battle_of_sinop_b,Ottoman Empire,3000,5000,medium,
battle_of_sipe_sipe_b,United Provinces,2000,2000,medium,
battle_of_siping_b,China,3000,3000,medium,
battle_of_sirte_b,Libya,2030,2030,medium,
battle_of_siversk_b,Russia,5154,5154,medium,
battle_of_skalitz_b,Austria,5577,5577,medium,
battle_of_skalitz_b,Prussia,1367,1367,medium,
battle_of_skra_di_legen_b,Allied Powers,2227,2227,medium,
battle_of_skra_di_legen_b,Bulgaria,2313,2313,medium,
battle_of_skuleni_b,Османская империя,375,375,medium,
battle_of_slivice_b,Reich allemand,1000,6000,medium,
battle_of_smolensk_1943_b,Germany,70593,70593,medium,
battle_of_smolensk_1943_b,Soviet Union,451466,451466,medium,
battle_of_smolensk_b,French Empire,9000,10000,medium,
battle_of_smolensk_b,Russian Empire,6000,14000,medium,
battle_of_smoliani_b,French Empire,3000,3000,medium,
battle_of_smoliani_b,Russian Empire,3000,3000,medium,
battle_of_sobral_b,Французская империя,120,157,medium,
battle_of_sobraon_b,British Empire,2383,2383,medium,
battle_of_sobraon_b,Sikh Empire,5000,8000,medium,
battle_of_sokolovo_b,Чехословакия,114,400,medium,
battle_of_solferino_b,Austria,2386,2386,medium,
battle_of_solferino_b,France,1622,1622,medium,
battle_of_someri_b,Union soviétique,128,200,medium,
battle_of_somosierra_b,Spain,2200,2200,medium,
battle_of_sorovich_b,Греция,168,196,medium,
battle_of_south_guangxi_b,China,1939,1939,medium,
battle_of_south_guangxi_b,Japan,23349,23349,medium,
battle_of_south_henan_b,Empire of Japan,9000,9000,medium,
battle_of_south_henan_b,Republic of China,7085,7085,medium,
battle_of_south_mountain_b,Confederate States,2685,2685,medium,
battle_of_south_mountain_b,United States,2325,2325,medium,
battle_of_spicheren_b,France,1982,1982,medium,
battle_of_spicheren_b,North German Confederation,3656,3656,medium,
battle_of_spion_kop_b,United Kingdom,1250,1250,medium,
battle_of_spotsylvania_court_house_b,Confederate States,12687,12687,medium,
battle_of_spotsylvania_court_house_b,United States,18399,18399,medium,
battle_of_st_quentin_b,France,3500,3500,medium,
battle_of_st_quentin_b,German Empire,2500,2500,medium,
battle_of_st_quentin_canal_b,British Empire,8802,8802,medium,
battle_of_st_quentin_canal_b,Germany,36000,36000,medium,
battle_of_stalingrad_b,Germany,800000,1500000,medium,
battle_of_stalingrad_b,Soviet Union,1129619,1129619,medium,
battle_of_steyr_b,Habsburg Empire,2000,2000,medium,
battle_of_stockach_1800_b,Austria,1147,1147,medium,
battle_of_stockach_1800_b,France,3000,3000,medium,
battle_of_stockach_b,French Directory,4000,4000,medium,
battle_of_stockach_b,Habsburg monarchy,5800,5800,medium,
battle_of_stoczek_b,Empire russe,230,400,medium,
battle_of_stones_river_b,Confederate States,11739,11739,medium,
battle_of_stones_river_b,United States,13906,13906,medium,
battle_of_stonne_b,France,1000,3000,medium,
battle_of_stonne_b,Reich allemand,2500,6000,medium,
battle_of_stormberg_b,Empire britannique,696,696,medium,
battle_of_studzianki_b,Germany,1000,1000,medium,
battle_of_studzianki_b,Soviet Union,1000,1000,medium,
battle_of_suakin_b,Mahdist State,1000,1000,medium,
battle_of_sukhumi_b,Georgia,2000,2000,medium,
battle_of_sultanabad_b,Российская империя,300,343,medium,
battle_of_sumatovac_b,Ottoman Empire,1000,1000,medium,
battle_of_sumy_b,Russie,200,200,medium,
battle_of_sunda_strait_b,United States,1071,1071,medium,
battle_of_suomussalmi_b,Finland,2700,2700,medium,
battle_of_suomussalmi_b,Soviet Union,12972,12972,medium,
battle_of_surabaya_b,Indonesia,6300,16000,medium,
battle_of_surabaya_b,United Kingdom,2000,2000,medium,
battle_of_suursaari_b,Finlande,109,109,medium,
battle_of_suursaari_b,Union soviétique,300,300,medium,
battle_of_svensksund_b,Russia,10000,10000,medium,
battle_of_szolnok_b,Hongrie,300,300,medium,
battle_of_szolnok_b,Monarchie de Habsbourg,330,900,medium,
battle_of_szoreg_b,Royaume de Hongrie,400,500,medium,
battle_of_tacna_b,Chile,2200,2200,medium,
battle_of_tacna_b,Peru,3500,5000,medium,
battle_of_tacuarembo_b,Federal League,1005,1005,medium,
battle_of_taejon_b,Corée du Nord,1250,3300,medium,
battle_of_taejon_b,États-Unis,228,922,medium,
battle_of_taierzhuang_b,China,20000,30000,medium,
battle_of_taierzhuang_b,Japan,8000,8000,medium,
battle_of_taipale_b,Finland,2250,2250,medium,
battle_of_taipale_b,Soviet Union,10000,10000,medium,
battle_of_taiyuan_b,China,50000,50000,medium,
battle_of_taiyuan_b,Japan,27472,27472,medium,
battle_of_taku_forts_1860_b,Qing China,2100,2100,medium,
battle_of_taku_forts_b,Royaume-Uni,345,345,medium,
battle_of_talana_hill_b,Empire britannique,185,220,medium,
battle_of_talavera_b,France,7268,7389,medium,
battle_of_talavera_b,United Kingdom,5363,6268,medium,
battle_of_talavera_de_la_reina_b,Nationalists,1000,1000,medium,
battle_of_talavera_de_la_reina_b,Second Spanish Republic,1000,1000,medium,
battle_of_tali_ihantala_b,Finland,8750,8750,medium,
battle_of_tali_ihantala_b,Soviet Union,4500,5500,medium,
battle_of_tallushatchee_b,Red Sticks,186,186,medium,
battle_of_tamai_b,Mahdist Sudan,2000,2000,medium,
battle_of_tamames_b,French Empire,1300,1400,medium,
battle_of_tamassi_b,Tchad,149,149,medium,
battle_of_tamassi_b,UFR,103,103,medium,
battle_of_tampere_b,Finnish Reds,2000,2000,medium,
battle_of_tamsui_b,Empire de Chine,200,200,medium,
battle_of_tanga_b,Royaume-Uni de Grande-Bretagne et d'Irlande,360,487,medium,
battle_of_tannenberg_b,German Empire,13873,13873,medium,
battle_of_tannenberg_b,Russian Empire,70000,120219,medium,
battle_of_tarakan_b,Japon,255,255,medium,
battle_of_tarakan_b,Pays-Bas,219,871,medium,
battle_of_tarawa_b,Japan,4690,4690,medium,
battle_of_tarawa_b,United States,1009,1009,medium,
battle_of_tarqui_b,Gran Colombia,2000,2000,medium,
battle_of_tarqui_b,Peru,1000,1000,medium,
battle_of_tarutino_b,French Empire,2000,4500,medium,
battle_of_tarutino_b,Russian Empire,1500,1500,medium,
battle_of_tarvis_1809_b,Austrian Empire,1789,1789,medium,
battle_of_tarvis_1809_b,First French Empire,1010,1010,medium,
battle_of_tarvis_b,France,1200,1200,medium,
battle_of_tarvis_b,Habsburg Austria,4500,4500,medium,
battle_of_tashan_b,National Revolutionary Army,9549,9549,medium,
battle_of_tashan_b,People's Liberation Army,23774,23774,medium,
battle_of_tashihchiao_b,Empire of Japan,1000,1000,medium,
battle_of_tashihchiao_b,Russian Empire,1000,1000,medium,
battle_of_tatayiba_b,Бразильская империя,113,583,medium,
battle_of_tauberbischofsheim_b,Royaume de Prusse,126,126,medium,
battle_of_tauberbischofsheim_b,Royaume de Wurtemberg,760,760,medium,
battle_of_te_li_ssu_b,Russia,2000,5000,medium,
battle_of_temesvar_b,Hungarian Revolutionary Army,6300,15500,medium,
battle_of_teruel_b,Nationalist Spain,57000,57000,medium,
battle_of_teruel_b,Spanish Republic,60000,60000,medium,
battle_of_teugen_hausen_b,Austrian Empire,3862,3862,medium,
battle_of_teugen_hausen_b,French Empire,4000,4000,medium,
battle_of_the_alamo_b,République du Texas,180,180,medium,
battle_of_the_alamo_b,République mexicaine,600,600,medium,
battle_of_the_assunpink_creek_b,Royaume de Grande-Bretagne,365,365,medium,
battle_of_the_assunpink_creek_b,Treize colonies,100,100,medium,
battle_of_the_atlantic_b,Germany,30000,30000,medium,
battle_of_the_atlantic_b,United Kingdom,36200,36200,medium,
battle_of_the_aubiers_b,Vendéens,500,1500,medium,
battle_of_the_barents_sea_b,Reich allemand,330,330,medium,
battle_of_the_barents_sea_b,Royaume-Uni,250,250,medium,
battle_of_the_barracks_b,Yugoslavia,180000,180000,medium,
battle_of_the_barrier_b,Dynastie Qing,100,120,medium,
battle_of_the_basque_roads_b,Empire français,150,200,medium,
battle_of_the_black_mountain_b,France,3000,3000,medium,
battle_of_the_black_mountain_b,Spain,10000,10000,medium,
battle_of_the_black_river_b,Британская Империя,100,750,medium,
battle_of_the_bogue_b,Dynastie Qing,500,506,medium,
battle_of_the_borders_algerian_war_b,FLN,2400,2400,medium,
battle_of_the_bridge_of_amarante_b,Royaume de Portugal,114,211,medium,
battle_of_the_bridge_of_arcole_b,French Republic,3500,3500,medium,
battle_of_the_bridge_of_arcole_b,Habsburg monarchy,2200,2200,medium,
battle_of_the_caucasus_b,Germany,281000,281000,medium,
battle_of_the_caucasus_b,Soviet Union,344000,344000,medium,
battle_of_the_chateauguay_b,États-Unis,100,100,medium,
battle_of_the_chernaya_b,French Empire,1800,1900,medium,
battle_of_the_chernaya_b,Russian Empire,8800,8800,medium,
battle_of_the_chesapeake_b,Royaume de France,230,230,medium,
battle_of_the_chesapeake_b,Royaume de Grande-Bretagne,246,246,medium,
battle_of_the_chongchon_river_b,China,45000,45000,medium,
battle_of_the_chongchon_river_b,United Nations,11000,11000,medium,
battle_of_the_coa_b,France,1000,1000,medium,
battle_of_the_crater_b,Confederate States (Confederacy),1491,1491,medium,
battle_of_the_crater_b,United States,3798,3798,medium,
battle_of_the_danube_b,Ottoman Empire,22000,24000,medium,
battle_of_the_dardanelles_b,Ottoman Empire,2000,2000,medium,
battle_of_the_day_river_b,Democratic Republic of Vietnam,9000,9000,medium,
battle_of_the_dnieper_b,Germany,102000,102000,medium,
battle_of_the_dnieper_b,Soviet Union,1285977,1285977,medium,
battle_of_the_dukla_pass_b,Germany,61000,61000,medium,
battle_of_the_dukla_pass_b,Soviet Union,10060,10060,medium,
battle_of_the_eastern_solomons_b,Empire du Japon,290,290,medium,
battle_of_the_ebro_b,Nationalist Spain,6500,6500,medium,
battle_of_the_ebro_b,Spanish Republic,10000,15000,medium,
battle_of_the_falkland_islands_b,Germany,1871,1871,medium,
battle_of_the_gebora_b,Spain,1000,1000,medium,
battle_of_the_gediz_b,Великое национальное собрание Турции,123,181,medium,
battle_of_the_gulf_of_roses_b,Première République,280,280,medium,
battle_of_the_jabara_valley_b,Saudi Arabia,1000,1900,medium,
battle_of_the_kerch_peninsula_b,Germany,38362,38362,medium,
battle_of_the_kerch_peninsula_b,Soviet Union,570601,570601,medium,
battle_of_the_lisaine_b,French Republic,4000,4000,medium,
battle_of_the_lisaine_b,North German Confederation,1800,1800,medium,
battle_of_the_little_bighorn_b,États-Unis,268,268,medium,
battle_of_the_little_bighorn_b,Sioux,100,168,medium,
battle_of_the_mincio_river_b,Austrian Empire,4000,4000,medium,
battle_of_the_mincio_river_b,First French Empire,3500,3500,medium,
battle_of_the_niemen_river_b,Poland,7000,7000,medium,
battle_of_the_niemen_river_b,Russian SFSR,40000,40000,medium,
battle_of_the_north_cape_b,Germany,1932,1932,medium,
battle_of_the_oder_neisse_b,Soviet Union,80000,100000,medium,
battle_of_the_ogaden_b,Ethiopia,5000,5000,medium,
battle_of_the_ogaden_b,Italy,2000,2000,medium,
battle_of_the_panaro_b,Empire d'Autriche,461,461,medium,
battle_of_the_panaro_b,Royaume de Naples,409,409,medium,
battle_of_the_pearl_river_forts_b,Empire de Chine,176,500,medium,
battle_of_the_piave_river_b,Austria-Hungary,118042,118042,medium,
battle_of_the_piave_river_b,Italy,87181,87181,medium,
battle_of_the_pyramids_b,Ottoman Empire,10000,10000,medium,
battle_of_the_raz_de_sein_b,Frankreich,290,290,medium,
battle_of_the_saintes_b,France,3000,9000,medium,
battle_of_the_scheldt_b,Canada,6367,6367,medium,
battle_of_the_scheldt_b,Germany,13000,13000,medium,
battle_of_the_sea_of_azov_b,Germany,2456,2456,medium,
battle_of_the_sea_of_azov_b,Soviet Union,106332,106332,medium,
battle_of_the_seelow_heights_b,Germany,47000,47000,medium,
battle_of_the_seelow_heights_b,Soviet Union,5000,6000,medium,
battle_of_the_shangani_b,Mthwakazi,1500,1500,medium,
battle_of_the_sutjeska_b,Axis,1760,1760,medium,
battle_of_the_sutjeska_b,Yugoslav Partisans,6391,7543,medium,
battle_of_the_thames_b,Royaume-Uni de Grande-Bretagne et d'Irlande,442,442,medium,
battle_of_the_tokhtamysh_river_b,Ottoman Empire,1000,1000,medium,
battle_of_the_tugela_heights_b,United Kingdom,2300,2300,medium,
battle_of_the_valerik_river_b,Russian Empire,1400,1400,medium,
battle_of_the_vistula_river_b,German Empire,78077,78077,medium,
battle_of_the_vistula_river_b,Russian Empire,65000,65000,medium,
battle_of_the_wilderness_b,Confederate States,11033,11033,medium,
battle_of_the_wilderness_b,United States,17666,17666,medium,
battle_of_the_yalu_river_b,China,1350,1350,medium,
battle_of_the_yellow_sea_b,Empire du Japon,226,226,medium,
battle_of_the_yellow_sea_b,Empire russe,343,343,medium,
battle_of_thouars_b,French Republic,3000,3000,medium,
battle_of_tichla_b,Mauritanie,150,150,medium,
battle_of_tiffauges_b,Républicains,200,200,medium,
battle_of_tiffauges_b,Vendéens,200,400,medium,
battle_of_timor_b,Japan,4000,4000,medium,
battle_of_tippecanoe_b,États-Unis,120,120,medium,
battle_of_toba_fushimi_b,Domaine de Satsuma,106,124,medium,
battle_of_toba_fushimi_b,Shogunat Tokugawa,100,400,medium,
battle_of_tobruk_b,Royaume d'Italie,200,200,medium,
battle_of_tofrek_b,Mahdist State,1000,1000,medium,
battle_of_toix_b,Carlistas,200,200,medium,
battle_of_tolentino_b,Kingdom of Naples,4120,4120,medium,
battle_of_tolosa_b,Empire français,300,600,medium,
battle_of_tolosa_b,Royaume-Uni de Grande-Bretagne et d'Irlande,193,619,medium,
battle_of_tolvajarvi_b,Finland,1320,1320,medium,
battle_of_tolvajarvi_b,Soviet Union,4000,5000,medium,
battle_of_torata_b,Expedición Libertadora del Perú,250,1000,medium,
battle_of_tornio_1944_b,Finland,1400,1400,medium,
battle_of_tornio_1944_b,Germany,1600,1600,medium,
battle_of_tory_island_b,République française,700,2400,medium,
battle_of_toski_b,Mahdist State,1200,1200,medium,
battle_of_tourcoing_b,Habsburg monarchy,4000,4000,medium,
battle_of_tourcoing_b,Republican France,3000,3000,medium,
battle_of_tournay_b,French Republic,6000,6000,medium,
battle_of_tournay_b,Habsburg Austria,3000,4000,medium,
battle_of_toverud_b,Швеция,101,121,medium,
battle_of_trautenau_b,Austrian Empire,5000,5000,medium,
battle_of_trautenau_b,Prussia,1400,1400,medium,
battle_of_trebbia_b,France,16000,18000,medium,
battle_of_trebbia_b,Russia,5500,6000,medium,
battle_of_treize_septiers_b,Républicains,200,200,medium,
battle_of_treize_septiers_b,Vendéens,200,900,medium,
battle_of_treponti_b,Royaume de Sardaigne,117,117,medium,
battle_of_trevilian_station_b,United States,1512,1512,medium,
battle_of_trincomalee_b,Royaume de France,255,255,medium,
battle_of_trincomalee_b,Royaume de Grande-Bretagne,283,283,medium,
battle_of_tripoli_1983_b,Palestine Liberation Organization,2000,2000,medium,
battle_of_tripoli_b,National Transitional Council,2400,2400,medium,
battle_of_trois_rivieres_b,Treize colonies,200,200,medium,
battle_of_truillas_b,France,4500,4500,medium,
battle_of_truillas_b,Spain,2000,2000,medium,
battle_of_tsekee_b,Qing China,1000,1000,medium,
battle_of_tskhinvali_b,Georgie,161,161,medium,
battle_of_tskhinvali_b,Ossétie du Sud,150,283,medium,
battle_of_tucuman_b,Espagne,450,690,medium,
battle_of_tucuman_b,Provinces-Unies du Río de la Plata,200,200,medium,
battle_of_tudela_b,Spain,6000,6000,medium,
battle_of_tulagi_and_gavutu_tanambogo_b,Japan,1500,1500,medium,
battle_of_tuyuti_b,Empire of Brazil,4248,4248,medium,
battle_of_tuyuti_b,Paraguay,13000,13000,medium,
battle_of_tweebosch_b,Empire britannique,121,800,medium,
battle_of_ucles_b,Spain,7000,7000,medium,
battle_of_ueno_b,Bakufu,300,300,medium,
battle_of_ulm_b,Austria,4000,4000,medium,
battle_of_ulm_b,France,1500,1500,medium,
battle_of_ulundi_b,Zulu Kingdom,1000,1000,medium,
battle_of_uman_b,Germany,20853,20853,medium,
battle_of_uman_b,Soviet Union,203000,203000,medium,
battle_of_umbu_b,Provincias Unidas del Río de la Plata,173,173,medium,
battle_of_umm_diwaykarat_b,Mahdist State,1000,1000,medium,
battle_of_unis_b,Сербское княжество,3000,6000,medium,
battle_of_usagre_b,Empire français,170,250,medium,
battle_of_ushant_b,Royaume de France,126,413,medium,
battle_of_ushant_b,Royaume de Grande-Bretagne,407,789,medium,
battle_of_utria_b,Estonia,300,300,medium,
battle_of_vaal_krantz_b,Empire britannique,350,350,medium,
battle_of_vaasa_b,Российская империя,113,567,medium,
battle_of_valencia_b,France,1100,1200,medium,
battle_of_valkeala_b,Королевство Швеция,137,137,medium,
battle_of_valls_b,French Empire,1000,1000,medium,
battle_of_valls_b,Spain,1500,1500,medium,
battle_of_valmy_b,Royaume de France,300,300,medium,
battle_of_valmy_b,Royaume de Prusse,184,184,medium,
battle_of_valtetsi_b,Ottoman Empire,1149,1149,medium,
battle_of_valutino_b,French Empire,7000,9000,medium,
battle_of_valutino_b,Russian Empire,6000,6000,medium,
battle_of_valvasone_b,Habsburg Austria,2500,2500,medium,
battle_of_valverde_b,États confédérés,160,160,medium,
battle_of_valverde_b,États-Unis,187,187,medium,
battle_of_vargas_b,Carlistas,112,112,medium,
battle_of_vargas_swamp_b,Empire espagnol,140,500,medium,
battle_of_vargas_swamp_b,Nouvelle-Grenade,183,300,medium,
battle_of_vasylkiv_b,Ukraine,200,200,medium,
battle_of_vejle_b,side 0,150,167,medium,
battle_of_velestino_b,Османская империя,101,615,medium,
battle_of_vella_gulf_b,Japan,1210,1210,medium,
battle_of_venta_del_pozo_b,Empire français,134,134,medium,
battle_of_venta_del_pozo_b,Royaume-Uni de Grande-Bretagne et d'Irlande,250,250,medium,
battle_of_veracruz_1914_b,Mexique,150,572,medium,
battle_of_veracruz_b,République mexicaine,220,251,medium,
battle_of_verdun_1916_b,France,379000,400000,medium,
battle_of_verdun_1916_b,German Empire,336000,355000,medium,
battle_of_verona_1805_b,Austrian Empire,1152,1622,medium,
battle_of_verona_b,Austria,7000,8000,medium,
battle_of_verona_b,France,5228,5228,medium,
battle_of_verrieres_ridge_b,Canada,2000,2000,medium,
battle_of_verrieres_ridge_b,Germany,1226,1226,medium,
battle_of_vezins_b,République française,147,147,medium,
battle_of_vic_b,Kingdom of Spain,3000,3000,medium,
battle_of_vihiers_b,French Royalists,1000,1000,medium,
battle_of_vihiers_b,Republican France,5000,5000,medium,
battle_of_viipuri_b,Finnish Reds,11350,11350,medium,
battle_of_vilcapugiou_b,Соединенные провинции,101,838,medium,
battle_of_villafranca_b,Empire français,1274,1274,medium,
battle_of_villagarcia_b,Empire français,136,136,medium,
battle_of_villagodio_b,Royaume d'Espagne,130,130,medium,
battle_of_villarrobledo_b,España carlista,200,500,medium,
battle_of_villersexel_b,French Republic,1354,1354,medium,
battle_of_vimeiro_b,French Empire,1630,1710,medium,
battle_of_vimy_ridge_b,Canada,3598,3598,medium,
battle_of_vimy_ridge_b,German Empire,4000,4000,medium,
battle_of_vinh_yen_b,Democratic Republic of Vietnam,6000,9000,medium,
battle_of_vitebsk_b,French Empire,3400,3400,medium,
battle_of_vitebsk_b,Russian Empire,2700,2700,medium,
battle_of_vitoria_b,France,4414,4414,medium,
battle_of_vitoria_b,United Kingdom,3675,3675,medium,
battle_of_vittorio_veneto_b,Austria-Hungary,528000,528000,medium,
battle_of_vittorio_veneto_b,Italy,40917,40917,medium,
battle_of_vlakfontein_b,Empire britannique,129,129,medium,
battle_of_voronezh_b,Germany,94500,94500,medium,
battle_of_voronezh_b,Soviet Union,568347,568347,medium,
battle_of_vukovar_b,Yugoslavia,1103,1103,medium,
battle_of_vyazma_b,French Empire,4000,4000,medium,
battle_of_vyazma_b,Russian Empire,1800,2500,medium,
battle_of_vyborg_bay_b,Russia,1000,1000,medium,
battle_of_vyborg_bay_b,Sweden,5000,5000,medium,
battle_of_wad_madani_b,side 0,250000,300000,medium,
battle_of_wad_ras_b,Morocco,1000,1000,medium,
battle_of_wagram_b,Austria,38870,38870,medium,
battle_of_wagram_b,France,35060,35060,medium,
battle_of_walserfeld_b,Первая французская республика,500,1000,medium,
battle_of_wana_b,Al-Qaïda,149,149,medium,
battle_of_wanjialing_b,China,1938,1938,medium,
battle_of_wanjialing_b,Japan,1938,1938,medium,
battle_of_warsaw_1920_b,Poland,4500,4500,medium,
battle_of_warsaw_1920_b,Soviet Russia,10000,25000,medium,
battle_of_warsaw_b,Poland,9000,12000,medium,
battle_of_warsaw_b,Russia,9760,10600,medium,
battle_of_wattignies_b,Austria,3000,3000,medium,
battle_of_wattignies_b,France,3000,5000,medium,
battle_of_waxhaws_b,États-Unis,113,150,medium,
battle_of_weihaiwei_b,China,4000,4000,medium,
battle_of_wertingen_b,Austrian Empire,2900,2900,medium,
battle_of_west_hubei_b,China,1943,1943,medium,
battle_of_west_hubei_b,Empire of Japan,25000,25000,medium,
battle_of_west_hunan_b,Japan,1181,1181,medium,
battle_of_west_hunan_b,Republic of China,21040,21040,medium,
battle_of_westport_b,Confederate States,1500,1500,medium,
battle_of_westport_b,United States,1500,1500,medium,
battle_of_wetzlar_b,Republican France,3000,3000,medium,
battle_of_white_plains_b,Royaume de Grande-Bretagne,182,182,medium,
battle_of_white_plains_b,Treize colonies,126,126,medium,
battle_of_whitestone_hill_b,Hunkpapa,156,200,medium,
battle_of_wiesloch_b,France,1500,1500,medium,
battle_of_williamsburg_b,Confederate States (Confederacy),1682,1682,medium,
battle_of_williamsburg_b,United States,2283,2283,medium,
battle_of_winterthur_b,Austria,1000,1000,medium,
battle_of_wissembourg_b,France,1600,1600,medium,
battle_of_wissembourg_b,Prussia,1551,1551,medium,
battle_of_wolf_ravine_b,Spain,1000,1000,medium,
battle_of_wolkowisk_b,Austrian Empire,1800,1800,medium,
battle_of_wolkowisk_b,Russian Empire,4000,4000,medium,
battle_of_woosung_b,Dynastie Qing,198,198,medium,
battle_of_worgl_b,Austrian Empire,3000,3000,medium,
battle_of_worth_b,North German Confederation,10549,10549,medium,
battle_of_worth_b,Second French Empire,15096,15096,medium,
battle_of_wrth_b,République française,150,150,medium,
battle_of_wrth_b,Saint-Empire,500,500,medium,
battle_of_wuhan_b,China,254628,254628,medium,
battle_of_wuhan_b,Japan,31486,35500,medium,
battle_of_wurzburg_b,Habsburg monarchy,1500,1500,medium,
battle_of_wurzburg_b,Republican France,3000,3000,medium,
battle_of_xinkou_b,China,100000,100000,medium,
battle_of_xinkou_b,Japan,20000,20000,medium,
battle_of_xuan_loc_b,North Vietnam,5000,5000,medium,
battle_of_xuan_loc_b,South Vietnam,2036,2036,medium,
battle_of_xuchang_b,National Revolutionary Army,2000,2000,medium,
battle_of_xuzhou_b,China,60000,60000,medium,
battle_of_xuzhou_b,Japan,20000,20000,medium,
battle_of_yad_mordechai_b,Israel,300,400,medium,
battle_of_yalu_river_b,Empire of Japan,1036,1036,medium,
battle_of_yalu_river_b,Russian Empire,2172,2172,medium,
battle_of_yatay_b,Paraguay,3200,3200,medium,
battle_of_yellow_tavern_b,États confédérés,300,300,medium,
battle_of_yellow_tavern_b,États-Unis,625,625,medium,
battle_of_yenidje_b,Ottoman Empire,1000,1000,medium,
battle_of_yijiangshan_islands_b,République populaire de Chine,393,1024,medium,
battle_of_yijiangshan_islands_b,Taïwan,519,567,medium,
battle_of_yingkou_b,Qing China,5700,5700,medium,
battle_of_yinji_b,National Revolutionary Army,2000,2000,medium,
battle_of_yongjiazhen_b,Republic of China,2300,2300,medium,
battle_of_ytororo_b,Empire of Brazil,1862,1862,medium,
battle_of_ytororo_b,Paraguay,1446,1446,medium,
battle_of_zacatecas_1914_b,Constitutionalists,1200,3000,medium,
battle_of_zacatecas_1914_b,Government,9000,9000,medium,
battle_of_zadworze_b,РСФСР,318,318,medium,
battle_of_zahleh_b,Ливанские силы,200,300,medium,
battle_of_zanzur_b,Ottoman Empire,1000,2000,medium,
battle_of_zaoyang_yichang_b,Empire of Japan,25941,25941,medium,
battle_of_zaoyang_yichang_b,Republic of China,63127,63127,medium,
battle_of_zapote_river_b,Primera República Filipina,150,375,medium,
battle_of_zarumilla_b,Ecuador,1334,1334,medium,
battle_of_zhangjiawan_b,Dynastie Qing,1500,1500,medium,
battle_of_zielence_b,Poland–Lithuania,1000,1000,medium,
battle_of_zielence_b,Russian Empire,2000,2000,medium,
battle_of_znaim_b,Austrian Empire,5000,6000,medium,
battle_of_znaim_b,French Empire,3000,3000,medium,
battle_of_zornoza_b,Spain,1000,1000,medium,
battle_of_zujar_b,Kingdom of Spain,4000,4000,medium,
battle_of_zumar_b,État islamique,100,100,medium,
battle_off_cape_gata_b,Régence d'Alger,406,406,medium,
battle_off_texel_b,Empire allemand,218,218,medium,
battles_for_baranavichy_b,Польша,140,140,medium,
battles_of_el_bruch_b,France,1220,1220,medium,
battles_of_khalkhin_gol_b,Japan,20000,20000,medium,
battles_of_khalkhin_gol_b,Soviet Union,26211,28169,medium,
battles_of_la_guera_and_tichla_b,side 0,103,200,medium,
battles_of_negba_b,Israel,100,300,medium,
battles_of_rzhev_b,Germany,668110,668110,medium,
battles_of_rzhev_b,Soviet Union,1160787,2300000,medium,
battles_of_vilnius_1812_b,I Cesarstwo Francuskie,14000,20000,medium,
bay_of_pigs_invasion_b,Cuba,2000,2000,medium,
bay_of_pigs_invasion_b,United States,2506,2506,medium,
belgorod_kharkov_offensive_operation_b,Germany,25068,26289,medium,
belgorod_kharkov_offensive_operation_b,Soviet Union,177586,255566,medium,
belgrade_offensive_b,Allies,4350,4350,medium,
belgrade_offensive_b,Axis,25000,25000,medium,
bergmann_offensive_b,Ottoman Empire,14023,14023,medium,
bergmann_offensive_b,Russian Empire,6000,6000,medium,
black_friday_b,Reich allemand,190,190,medium,
blockade_of_germany_b,Allied Powers,500000,500000,medium,
bloody_sunday_b,United Kingdom,1100,1100,medium,
bombardment_of_alexandria_b,Égypte,100,700,medium,
bombardment_of_yarmouth_and_lowestoft_b,Empire britannique,200,200,medium,
bombing_of_belgrade_in_1941_b,Royaume de Yougoslavie,17000,17000,medium,
bombing_of_bucharest_in_world_war_ii_b,Fifteenth Air Force,5524,5524,medium,
boston_campaign_b,Great Britain,1505,1505,medium,
brak_el_shati_airbase_raid_b,Chambre des représentants,141,141,medium,
bratislava_brno_offensive_b,Soviet Union,16933,16933,medium,
british_invasions_of_the_river_plate_b,Spain,1500,1500,medium,
british_invasions_of_the_river_plate_b,United Kingdom,1300,1300,medium,
budapest_offensive_b,Germany,125000,125000,medium,
budapest_offensive_b,Soviet Union,80026,80026,medium,
bukhara_operation_b,Бухарский эмират,3000,5000,medium,
bulge_b,Germany,63000,63000,medium,abmc_world_wars
bulge_b,United States,81000,81000,medium,abmc_world_wars
burning_of_the_ottoman_flagship_off_chios_b,Ottoman Empire,2000,2000,medium,
cambodian_campaign_b,North Vietnam,11369,11369,medium,
cambodian_campaign_b,South Vietnam,3009,3009,medium,
cantigny_b,German Empire,1400,1400,medium,abmc_world_wars
cantigny_b,United States,1603,1603,medium,abmc_world_wars
capitulation_of_dornbirn_b,Austrian Empire,4058,4058,medium,
capitulation_of_erfurt_b,Prussia,10000,12000,medium,
capitulation_of_pasewalk_b,Prussia,4200,4200,medium,
capture_of_erivan_b,Qajar Persia,4000,4000,medium,
capture_of_fort_dauphin_b,France,1031,1031,medium,
capture_of_gawilghur_b,Британская Ост-Индская компания,132,2000,medium,
capture_of_gorlovka_b,Italia,600,600,medium,
capture_of_lucknow_b,Повстанцы Ауда,127,595,medium,
capture_of_malolos_b,Estados Unidos,105,105,medium,
capture_of_saint_vincent_b,Франция,422,422,medium,
capture_of_sint_eustatius_b,Великобритания,130,130,medium,
capture_of_the_paquete_de_maule_b,Chili,126,126,medium,
capture_of_the_rosily_squadron_b,France,3676,3676,medium,
capture_of_trincomalee_b,Regno di Gran Bretagna,430,430,medium,
capture_of_vedeno_b,Российская империя,100,100,medium,
carpathian_front_b,Austria-Hungary,523128,523128,medium,
carpathian_front_b,Russian Empire,457476,457476,medium,
case_blue_b,Germany,200000,200000,medium,
case_blue_b,Soviet Union,1200000,1200000,medium,
catalonia_offensive_b,Republicans,10000,10000,medium,
chaambi_operations_b,Ansar al-Sharia,1500,1500,medium,
chapultepec_b,États-Unis,130,703,medium,
chapultepec_b,République mexicaine,823,1800,medium,
chattanooga_campaign_b,Confederate States,6000,8000,medium,
chattanooga_campaign_b,United States,5824,5824,medium,
chosin_b,China,7304,7304,medium,loc_primary_timeline
chosin_b,United Nations,1029,1029,medium,loc_primary_timeline
christmas_battles_b,Germany,3500,3500,medium,
christmas_battles_b,Russian Empire,23000,23000,medium,
colmar_pocket_b,France,13390,13390,medium,
colmar_pocket_b,Germany,22000,38500,medium,
combat_of_korneuburg_b,Empire d'Autriche,300,300,medium,
combat_of_korneuburg_b,Empire français,350,350,medium,
courland_pocket_b,Germany,1944,1944,medium,
courland_pocket_b,Soviet Union,1945,1945,medium,
crimean_campaign_b,Germany,30000,30000,medium,
crimean_campaign_b,Soviet Union,65000,65000,medium,
crimean_offensive_b,Germany,96700,96700,medium,
crimean_offensive_b,Soviet Union,84839,84839,medium,
defense_of_brest_fortress_b,Soviet Union,2000,2000,medium,
defense_of_the_great_wall_b,China,1933,1933,medium,
defense_of_the_great_wall_b,Japan,1933,1933,medium,
dekemvriana_b,EAM,2000,2000,medium,
dekemvriana_b,Kingdom of Greece,1200,1200,medium,
detroit_b,United States,2188,2188,medium,loc_primary_timeline
dnieper_carpathian_offensive_b,Germany,41907,41907,medium,
dnieper_carpathian_offensive_b,Soviet Union,270198,270198,medium,
donbass_strategic_offensive_august_1943_b,Germany,28940,28940,medium,
donbass_strategic_offensive_august_1943_b,Soviet Union,273522,273522,medium,
donbass_strategic_offensive_b,Germany,3298,3298,medium,
donbass_strategic_offensive_b,Soviet Union,19029,19029,medium,
east_pomeranian_offensive_b,Soviet Union,234360,234360,medium,
east_prussian_offensive_b,Germany,220000,220000,medium,
east_prussian_offensive_b,Soviet Union,126464,126464,medium,
easter_offensive_b,North Vietnam,100000,100000,medium,
easter_offensive_b,South Vietnam,10000,10000,medium,
eastern_front_of_the_russian_invasion_of_ukraine_b,Russie,40000,41000,medium,
eastern_front_of_the_russian_invasion_of_ukraine_b,Ukraine,8000,20000,medium,
eleventh_battle_of_the_isonzo_b,Austria-Hungary,115000,115000,medium,
eleventh_battle_of_the_isonzo_b,Italy,158000,158000,medium,
engagement_at_dermbach_b,Bavaria,5100,5100,medium,
erzurum_offensive_b,Ottoman Empire,66000,66000,medium,
erzurum_offensive_b,Russian Empire,2339,2339,medium,
exercise_tiger_b,British Army,198,749,medium,
expedition_dirlande_b,France,2230,2230,medium,
fall_of_hit_b,Islamic State,180000,180000,medium,
fall_of_kampala_b,Ouganda,500,500,medium,
fall_of_mazari_sharif_b,Émirat islamique d'Afghanistan,300,300,medium,
fall_of_mosul_b,Iraq,4000,4000,medium,
fallujah_b,Al-Qaeda in Iraq,1200,2000,medium,va_americas_wars
final_operations_in_slovenia_b,Armée populaire yougoslave,100,100,medium,
final_operations_in_slovenia_b,Reich allemand,250,350,medium,
first_and_second_battles_of_el_teb_b,Mahdist State,2000,2000,medium,
first_and_second_battles_of_el_teb_b,United Kingdom,2700,2700,medium,
first_battle_of_agordat_b,Mahdistes,250,250,medium,
first_battle_of_al_faw_b,Iran,10000,10000,medium,
first_battle_of_al_faw_b,Iraq,3000,3000,medium,
first_battle_of_amgala_b,Algérie,106,200,medium,
first_battle_of_arquijas_b,Carlists,1000,1000,medium,
first_battle_of_arquijas_b,Liberals ( Isabelinos or Cristinos ),1300,1300,medium,
first_battle_of_bar_sur_aube_b,Austria,1000,1400,medium,
first_battle_of_bar_sur_aube_b,France,1700,1700,medium,
first_battle_of_benghazi_b,Jamahiriya arabe libyenne,163,236,medium,
first_battle_of_benghazi_b,Rebelles libyens,332,332,medium,
first_battle_of_catalca_b,Bulgaria,1506,1506,medium,
first_battle_of_catalca_b,Ottoman Empire,5000,10000,medium,
first_battle_of_cholet_b,République française,100,300,medium,
first_battle_of_dego_b,French Republic,2000,2000,medium,
first_battle_of_dego_b,Habsburg monarchy,1000,1000,medium,
first_battle_of_el_djorf_b,French Republic,1500,1500,medium,
first_battle_of_fallujah_b,Armée islamique en Irak,184,228,medium,
first_battle_of_grodno_b,РСФСР,500,500,medium,
first_battle_of_inonu_b,Королевство Греция,130,211,medium,
first_battle_of_kauszyn_b,Empire russe,1000,1000,medium,
first_battle_of_kernstown_b,États confédérés,263,718,medium,
first_battle_of_kernstown_b,États-Unis,118,590,medium,
first_battle_of_kharkov_b,Soviet Union,96509,96509,medium,
first_battle_of_komarom_b,Австрийская империя,671,800,medium,
first_battle_of_memphis_b,États confédérés,180,180,medium,
first_battle_of_montaigu_b,Vendéens,600,600,medium,
first_battle_of_nanawa_b,Bolivia,2000,2000,medium,
first_battle_of_polotsk_b,French Empire,2500,6000,medium,
first_battle_of_polotsk_b,Russian Empire,1800,5500,medium,
first_battle_of_porto_b,Portugal,8000,10000,medium,
first_battle_of_seoul_b,North Korea,1112,1112,medium,
first_battle_of_seoul_b,South Korea,44000,44000,medium,
first_battle_of_svensksund_b,Swedish Navy,1500,1500,medium,
first_battle_of_swat_b,Tehrik-e-Taliban Pakistan,143,290,medium,
first_battle_of_tembien_b,Ethiopia,5000,5000,medium,
first_battle_of_tembien_b,Italy,1083,1083,medium,
first_battle_of_the_masurian_lakes_b,Germany,1914,1914,medium,
first_battle_of_the_masurian_lakes_b,Russian Empire,100000,125000,medium,
first_battle_of_vailele_b,side 0,100,100,medium,
first_battle_of_wawer_b,Imperial Russia,3700,4000,medium,
first_battle_of_wawer_b,Kingdom of Poland,3500,3500,medium,
first_battle_of_winchester_b,United States,2019,2019,medium,
first_battle_of_wissembourg_b,France,3000,3000,medium,
first_battle_of_wissembourg_b,Habsburg Monarchy,1800,1800,medium,
first_battle_of_zawiya_b,Conseil national de transition,247,300,medium,
first_battle_of_zurich_b,Austria,3400,4400,medium,
first_battle_of_zurich_b,France,1300,1600,medium,
first_jassy_kishinev_offensive_b,Romania,45000,45000,medium,
first_jassy_kishinev_offensive_b,Soviet Union,150000,150000,medium,
first_siege_of_missolonghi_b,République hellénique,8000,8000,medium,
first_siege_of_zaragoza_b,French Empire,3500,3500,medium,
first_siege_of_zaragoza_b,Spain,3000,5000,medium,
fort_mchenry_b,États-Unis,310,310,medium,
fort_mchenry_b,Royaume-Uni,300,300,medium,
fort_mims_massacre_b,Alabama,252,265,medium,
fort_mims_massacre_b,Red Sticks,200,200,medium,
fourth_battle_of_benghazi_b,Libyan National Army,5000,5000,medium,
franklin_nashville_campaign_b,Confederate States,15097,15097,medium,
franklin_nashville_campaign_b,United States,6598,6598,medium,
french_invasion_of_russia_b,French Empire,580000,630000,medium,
french_invasion_of_russia_b,Russian Empire,410000,410000,medium,
french_invasion_of_switzerland_b,Confédération suisse (« Confédération des XIII cantons »),1798,1798,medium,
german_campaign_of_1813_b,France,460000,460000,medium,
german_campaign_of_1813_b,Russia,360000,360000,medium,
german_invasion_of_belgium_1914_b,Belgium,30000,30000,medium,
german_invasion_of_belgium_1914_b,German Empire,20000,20000,medium,
german_invasion_of_belgium_b,Belgium,222443,222443,medium,
german_invasion_of_the_netherlands_b,Germany,2032,2032,medium,
german_invasion_of_the_netherlands_b,Netherlands,2332,2332,medium,
gettysburg_b,Confederate States,23000,28000,medium,nps_civil_war
gettysburg_b,United States,23049,23049,medium,nps_civil_war
gettysburg_campaign_b,Confederate States,27000,32000,medium,
gettysburg_campaign_b,United States,32043,32043,medium,
glorious_first_of_june_b,France,4000,4000,medium,
glorious_first_of_june_b,Great Britain,1200,1200,medium,
gorlice_tarnow_offensive_b,German Empire,1915,1915,medium,
gorlice_tarnow_offensive_b,Russian Empire,1915,1915,medium,
great_offensive_b,Ankara Government,2318,2318,medium,
great_offensive_b,Greece,35000,35000,medium,
great_retreat_1915_b,Австро-Венгрия,72000,72000,medium,
great_retreat_b,German Empire,1915,1915,medium,
great_retreat_b,Russian Empire,1915,1915,medium,
great_siege_of_gibraltar_b,Great Britain,1010,1010,medium,
great_siege_of_gibraltar_b,Spain,6000,6000,medium,
ground_war_b,Coalition,1155,1155,medium,loc_primary_timeline
ground_war_b,Iraq,20000,35000,medium,loc_primary_timeline
guadalcanal_b,Japan,19200,19200,medium,abmc_world_wars
guadalcanal_b,United States,7100,7100,medium,abmc_world_wars
heiligenbeil_pocket_b,Germany,80000,80000,medium,
helsinki_village_landing_b,Sweden,1000,1000,medium,
hundred_days_b,France,40000,40000,medium,
hundred_regiments_offensive_b,Empire of Japan,12645,12645,medium,
hundred_regiments_offensive_b,Republic of China,22000,100000,medium,
ia_drang_b,North Vietnam,1037,1745,medium,nara_postwar_docs
inchon_b,North Korea,1350,1350,medium,loc_primary_timeline
indonesian_occupation_of_east_timor_b,Democratic Republic of East Timor,11907,11907,medium,
indonesian_occupation_of_east_timor_b,Indonesia,2277,2277,medium,
invasion_of_darfur_b,Sultanate of Darfur,1096,1096,medium,
invasion_of_france_b,French Royalists,5000,5000,medium,
invasion_of_java_b,France,2000,2000,medium,
invasion_of_java_b,United Kingdom,1000,1000,medium,
invasion_of_quebec_1775_b,United Colonies,1500,1500,medium,
invasion_of_rio_grande_do_sul_b,Paraguay,5500,5500,medium,
invasion_of_yugoslavia_b,Axis,2500,2500,medium,
invasion_of_yugoslavia_b,Yugoslavia,254000,345000,medium,
iraq_war_b,Ba'athist Iraq,7600,45000,medium,
iraq_war_b,Coalition of the willing,17690,17690,medium,
iraqi_invasion_of_kuwait_b,Kuwait,12000,12000,medium,
iron_wall_operation_b,Israël,2025,2025,medium,
islamic_state_invasion_of_iraq_b,Islamic State of Iraq and the Levant,3106,3106,medium,
islamic_state_invasion_of_iraq_b,Republic of Iraq,10000,10000,medium,
israeli_invasion_of_the_gaza_strip_b,Hamas,81008,81008,medium,
israeli_invasion_of_the_gaza_strip_b,Israel,1154,1154,medium,
italian_bombing_of_mandatory_palestine_in_world_war_ii_b,Royaume-Uni,150,150,medium,
italian_campaign_b,Allies,24900,24900,medium,
italian_campaign_b,Axis,150000,150000,medium,
italian_campaign_of_1796_1797_b,France,45000,45000,medium,
italian_campaign_of_1796_1797_b,Holy Roman Empire,27000,27000,medium,
iwo_jima_b,Japan,17845,18375,medium,abmc_world_wars
iwo_jima_b,United States,6821,6821,medium,abmc_world_wars
japanese_invasion_of_french_indochina_b,Vichy France,2216,2216,medium,
japanese_invasion_of_manchuria_b,China,50000,50000,medium,
japanese_invasion_of_manchuria_b,Japan,10000,10000,medium,
japanese_invasion_of_sakhalin_b,Russia,3270,3270,medium,
jassy_kishinev_offensive_b,Romania,150000,150000,medium,
jassy_kishinev_offensive_b,Soviet Union,13197,13197,medium,
jintian_uprising_b,Qing dynasty,1000,1000,medium,
june_2011_jisr_ash_shughur_operation_b,Syrian Opposition,2000,2000,medium,
kasos_massacre_b,Kasiots,2000,2000,medium,
kerch_eltigen_operation_b,Soviet Union,6985,6985,medium,
kerch_feodosia_landing_operation_b,СССР,10000,41935,medium,
khafji_b,Irak,300,400,medium,
khe_sanh_b,United States,2541,2541,medium,nara_postwar_docs
khe_sanh_b,Viet Cong,1602,1602,medium,nara_postwar_docs
kholm_pocket_b,Germany,1500,1500,medium,
kholm_pocket_b,Soviet Union,20000,20000,medium,
kuril_islands_landing_operation_b,Empire of Japan,1018,1018,medium,
kuril_islands_landing_operation_b,Soviet Union,1026,1026,medium,
kyiv_offensive_2022_b,Ukraine,200,948,medium,
lake_erie_b,Royaume-Uni de Grande-Bretagne et d'Irlande,306,306,medium,
lake_naroch_offensive_b,German Empire,20000,20000,medium,
lake_naroch_offensive_b,Russian Empire,110000,110000,medium,
lal_masjid_siege_b,Étudiants Miliciens,61000,61000,medium,
landing_at_anzac_cove_b,British Empire,2000,2000,medium,
landing_at_kips_bay_b,Treize colonies,320,320,medium,
leningrad_novgorod_offensive_b,Germany,24739,24739,medium,
leningrad_novgorod_offensive_b,Soviet Union,76686,76686,medium,
lexington_concord_b,Royaume de Grande-Bretagne,174,174,medium,
liberation_of_khorramshahr_b,Iran,12000,15000,medium,
liberation_of_khorramshahr_b,Iraq,8000,8000,medium,
liberation_of_vranje_b,Ottoman Empire,1236,1236,medium,
lvov_sandomierz_offensive_b,Germany,55000,55000,medium,
lvov_sandomierz_offensive_b,Soviet Union,65001,65001,medium,
majuba_hill_b,Royaume-Uni,134,134,medium,
makiivka_military_quarters_shelling_b,Russie,300,400,medium,
manbij_offensive_b,Islamic State,1026,1026,medium,
manbij_offensive_b,Syrian Democratic Forces,1650,1650,medium,
manila_b,Royaume d'Espagne,167,214,medium,
mariupol_art_school_bombing_b,Russia,6500,6500,medium,
mariupol_art_school_bombing_b,Ukraine,4200,4200,medium,
maryland_campaign_b,Confederate States,16229,16229,medium,
maryland_campaign_b,United States,28272,28272,medium,
may_2011_talkalakh_siege_b,Opposition syrienne,3500,3500,medium,
may_2025_gaza_offensive_b,Hamas,1000,1000,medium,
medina_ridge_b,Irak,127,186,medium,
meuse_argonne_b,France,192000,192000,medium,loc_primary_timeline
meuse_argonne_b,Germany,126000,126000,medium,loc_primary_timeline
midway_b,Japan,119100,119100,medium,loc_primary_timeline
midway_b,United States,21300,21300,medium,loc_primary_timeline
montenegrin_campaign_b,Австро-Венгрия,3000,13500,medium,
moonsund_landing_operation_b,Reich allemand,700,13500,medium,
moravia_ostrava_offensive_b,Germany,250000,250000,medium,
moravia_ostrava_offensive_b,Soviet Union,23960,23960,medium,
morea_expedition_b,Kingdom of France,1500,1500,medium,
najaf_b,Armée du Mahdi,159,261,medium,
najaf_b,États-Unis,100,100,medium,
nato_bombing_of_yugoslavia_b,FR Yugoslavia,2013,2013,medium,
naval_battle_of_lake_maracaibo_b,Espagne,437,437,medium,
naval_battle_of_lake_maracaibo_b,Grande Colombie,164,164,medium,
new_georgia_campaign_b,Japan,1671,1671,medium,
new_georgia_campaign_b,United States,1195,1195,medium,
new_orleans_b,United Kingdom,1262,1262,medium,nps_war_1812
new_york_and_new_jersey_campaign_b,Great Britain,3000,3000,medium,
new_york_and_new_jersey_campaign_b,United States,1052,1052,medium,
noemvriana_b,France,194,194,medium,
normandy_b,Allies,10000,10000,medium,abmc_world_wars
normandy_b,Germany,4000,9000,medium,abmc_world_wars
north_campaign_b,Nationalist Spain,10000,10000,medium,
north_campaign_b,Spanish Republic,33000,33000,medium,
northern_chad_offensive_b,FACT,300,500,medium,
northern_kharkiv_front_of_the_russo_ukrainian_war_b,Russia,10500,10500,medium,
northern_virginia_campaign_b,Confederate States of America,9197,9197,medium,
northern_virginia_campaign_b,United States of America,16843,16843,medium,
northwestern_syria_offensive_december_2019_march_2020_b,Syrian Government,1449,1449,medium,
northwestern_syria_offensive_december_2019_march_2020_b,Syrian Opposition,1496,1496,medium,
norwegian_campaign_b,Germany,5296,5296,medium,
norwegian_campaign_b,Norway,6602,6602,medium,
october_7_attacks_b,Hamas,1609,1609,medium,
october_7_attacks_b,Israel,1195,1195,medium,
odesa_strikes_b,Russie,1000,1000,medium,
olshanskiy_amphibious_landing_b,СССР,700,700,medium,
operation_1027_b,State Administration Council,3783,3783,medium,
operation_1027_b,Three Brotherhood Alliance,1000,1000,medium,
operation_achilles_b,Taliban,1000,1000,medium,
operation_albion_b,Russia,20130,20130,medium,
operation_archery_b,Reich allemand,120,120,medium,
operation_ashura_b,État islamique,498,498,medium,
operation_avalanche_b,Germany,2002,2002,medium,
operation_avalanche_b,United Kingdom,4060,4060,medium,
operation_badr_1985_b,Iran,10000,10000,medium,
operation_badr_1985_b,Iraq,2000,2000,medium,
operation_badr_b,Israel,2000,2000,medium,
operation_bagration_b,Germany,300000,375000,medium,
operation_bagration_b,Soviet Union,770888,770888,medium,
operation_barbarossa_b,Germany,1000000,1000000,medium,
operation_barbarossa_b,Soviet Union,4500000,4500000,medium,
operation_barkhane_b,AQIM,2800,2800,medium,
operation_beit_ol_moqaddas_b,Iran,12000,15000,medium,
operation_beit_ol_moqaddas_b,Iraq,8000,8000,medium,
operation_bodenplatte_b,Reich allemand,234,280,medium,
operation_bodenplatte_b,Royaume-Uni,190,305,medium,
operation_cedar_falls_b,United States,3000,3000,medium,
operation_chammal_b,France,2019,2019,medium,
operation_chammal_b,Islamic State,2500,2500,medium,
operation_chastise_b,Germany,1600,1600,medium,
operation_cobra_b,Germany,2500,2500,medium,
operation_cobra_b,United States,18450,18450,medium,
operation_cottage_b,États-Unis,221,221,medium,
operation_danny_b,Israël,179,179,medium,
operation_danny_b,Transjordanie,295,295,medium,
operation_dawn_4_b,Iran,5000,5000,medium,
operation_dawn_4_b,Iraq,2800,2800,medium,
operation_dawn_b,Iran,6000,6000,medium,
operation_desert_storm_b,Iraq,175000,300000,medium,
operation_desert_storm_b,United States,13488,13488,medium,
operation_edelweiss_b,Germany,360000,360000,medium,
operation_edelweiss_b,Soviet Union,344000,344000,medium,
operation_enduring_freedom_b,In Afghanistan,66000,66000,medium,
operation_enduring_freedom_b,Taliban,72000,72000,medium,
operation_euphrates_shield_b,Islamic State,2647,2647,medium,
operation_euphrates_shield_b,Turkey,1987,1987,medium,
operation_faustschlag_b,Soviet republics,63000,63000,medium,
operation_flash_b,Republic of Serbian Krajina,1200,1200,medium,
operation_gibraltar_b,Пакистан,1400,4000,medium,
operation_green_hunt_b,Communist Party of India (Maoist),2266,2266,medium,
operation_green_hunt_b,Government of India,1435,1435,medium,
operation_green_sea_b,Guinée,500,500,medium,
operation_hailstone_b,Japan,4500,4500,medium,
operation_horadiz_b,Азербайджан,5000,5000,medium,
operation_ichi_go_b,China,500000,600000,medium,
operation_ichi_go_b,Japan,100000,100000,medium,
operation_kutuzov_b,Germany,86454,86454,medium,
operation_kutuzov_b,Soviet Union,429890,429890,medium,
operation_lam_son_719_b,North Vietnam,2163,2163,medium,
operation_lam_son_719_b,South Vietnam,1146,1146,medium,
operation_linda_nchi_b,Harakat al-Chabab al-Moudjahidin,2011,2011,medium,
operation_linda_nchi_b,Kenya,2011,2011,medium,
operation_linebacker_ii_b,North Vietnam,1624,1624,medium,
operation_luttich_b,United States,10000,10000,medium,
operation_magistral_b,Hezb-e Islami Khalid,1500,3000,medium,
operation_magistral_b,Union soviétique,300,700,medium,
operation_maslenica_b,Хорватия,127,490,medium,
operation_mersad_b,Mojahedin-e-Khalq,1500,1500,medium,
operation_morvarid_b,Marine irakienne,321,321,medium,
operation_moshtarak_b,Talibans,120,120,medium,
operation_munchen_b,Romania,21738,21738,medium,
operation_munchen_b,Soviet Union,17893,17893,medium,
operation_musketeer_b,égyptiennes,200,200,medium,
operation_praying_mantis_b,Iran,300,300,medium,
operation_queen_b,Germany,39000,39000,medium,
operation_queen_b,United States,38500,38500,medium,
operation_ramadan_b,Iran,12000,12000,medium,
operation_ramadan_b,Iraq,5000,5000,medium,
operation_ring_b,Armenian Revolutionary Federation,5000,5000,medium,
operation_rising_lion_b,Israël,3238,3238,medium,
operation_rosary_b,Royaume-Uni,114,114,medium,
operation_searchlight_b,Pakistan,6000,6000,medium,
operation_searchlight_b,Provisional Government of Bangladesh,10000,10000,medium,
operation_serval_b,MOJWA,1000,1000,medium,
operation_silver_fox_b,Germany,21501,21501,medium,
operation_spring_awakening_b,Germany,1945,1945,medium,
operation_spring_awakening_b,Soviet Union,1945,1945,medium,
operation_spring_shield_b,Syria,3159,3159,medium,
operation_storm_b,Croatia,1100,1430,medium,
operation_storm_b,Serbian Krajina,4000,4000,medium,
operation_summer_95_b,Хорватия,129,129,medium,
operation_tanne_ost_b,Germany,1231,1231,medium,
operation_tariq_al_qods_b,Iran,2500,6000,medium,
operation_tariq_al_qods_b,Iraq,1500,2500,medium,
operation_teardrop_b,États-Unis,126,126,medium,
operation_teardrop_b,Reich allemand,218,218,medium,
operation_tiderace_b,Japan,76700,76700,medium,
operation_torch_b,Vichy France,1346,1346,medium,
operation_trident_b,Marine pakistanaise,100,700,medium,
operation_true_promise_i_b,Israël,130,130,medium,
operation_true_promise_iii_b,Israël,3238,3238,medium,
operation_tungsten_b,Allemagne,122,316,medium,
operation_undeniable_victory_b,Iran,4000,4000,medium,
operation_undeniable_victory_b,Iraq,8000,8000,medium,
operation_veritable_b,Germany,44239,44239,medium,
operation_veritable_b,United Kingdom,15634,15634,medium,
ostrogozhsk_rossosh_offensive_b,Hungary,52000,52000,medium,
ostrogozhsk_rossosh_offensive_b,Soviet Union,4500,4500,medium,
overland_campaign_b,Confederate States (Confederacy),30000,35000,medium,
overland_campaign_b,United States,54926,54926,medium,
pakrac_clash_b,Хорватия,180,180,medium,
palmyra_offensive_2015_b,État islamique,180,180,medium,
palmyra_offensive_2015_b,République arabe syrienne,150,750,medium,
palmyra_offensive_2017_b,Islamic State,1000,1000,medium,
palmyra_offensive_b,État islamique,417,417,medium,
palmyra_offensive_b,République arabe syrienne,194,194,medium,
palmyra_offensive_december_2016_b,République arabe syrienne,100,352,medium,
palo_alto_b,Mexique,102,129,medium,
pancho_villa_expedition_b,Villistas,169,169,medium,
panjshir_offensives_b,Soviet Union,5000,5000,medium,
passage_of_humaita_b,Empire of Brazil,1200,1200,medium,
pearl_b,United States,2008,2008,medium,nara_wwii_docs
peasants_war_b,Insurgents,15000,15000,medium,
peninsula_campaign_b,Confederate States of America,29298,29298,medium,
peninsula_campaign_b,United States,23119,23119,medium,
peninsular_war_b,Spain,1000000,1000000,medium,
pescadores_campaign_b,Japan,1500,1500,medium,
petsamo_kirkenes_offensive_b,Germany,8263,8263,medium,
petsamo_kirkenes_offensive_b,Soviet Union,6084,6084,medium,
ponary_battle_b,Congress Poland,1200,1200,medium,
prague_offensive_b,Allies,49348,49348,medium,
prague_offensive_b,Axis,860000,860000,medium,
pusan_perimeter_b,United Nations,3642,3642,medium,nara_postwar_docs
q12956414_b,Сербия,481,620,medium,
q4312710_b,СССР,5000,6000,medium,
raid_at_cabanatuan_b,Japan,1000,1000,medium,
raid_on_drvar_b,Partisans yougoslaves,6000,6000,medium,
raid_on_drvar_b,Reich allemand,213,881,medium,
raid_on_scarborough_hartlepool_and_whitby_b,Великобритания,137,592,medium,
raid_on_the_suez_canal_b,Empire ottoman,1500,1500,medium,
raids_on_boulogne_b,Первая французская республика,126,126,medium,
raqqa_campaign_b,DFNS,1100,1200,medium,
raqqa_campaign_b,Islamic State,3784,3784,medium,
red_army_invasion_of_armenia_b,Russian SFSR,60000,60000,medium,
relief_of_ladysmith_b,Empire britannique,312,1600,medium,
relief_of_ladysmith_b,République sud-africaine du Transvaal,274,274,medium,
revolt_of_czechoslovak_legion_b,Czechoslovak Legion,4000,4000,medium,
revolt_of_czechoslovak_legion_b,Russian SFSR,5000,5000,medium,
revolt_of_lyon_against_the_national_convention_b,Autorités lyonnaises insurgées,2000,2000,medium,
russian_annexation_of_crimea_b,Ukraine,9268,9268,medium,
russian_invasion_of_east_prussia_b,German Empire,13206,13206,medium,
russian_invasion_of_east_prussia_b,Russian Empire,24589,24589,medium,
russo_georgian_war_b,Georgia,1174,1174,medium,
san_juan_heights_b,United States,1024,1024,medium,nara_milestone_docs
santiago_b,Spain,1889,1889,medium,nara_milestone_docs
saratoga_b,Great Britain,6222,6222,medium,nara_milestone_docs
saudi_led_intervention_in_the_yemeni_civil_war_b,Revolutionary Committee,2018,2018,medium,
saudi_led_intervention_in_the_yemeni_civil_war_b,Saudi Arabia,1000,3000,medium,
second_battle_of_accra_b,Ashanti Empire,6000,6000,medium,
second_battle_of_agordat_b,Mahdist State,1000,1000,medium,
second_battle_of_bassano_b,French Republic,3000,3000,medium,
second_battle_of_bassano_b,Habsburg monarchy,2823,5600,medium,
second_battle_of_benghazi_b,Conseil national de transition,120,120,medium,
second_battle_of_brega_b,Conseil national de transition,800,800,medium,
second_battle_of_cambrai_b,British Empire,12000,12000,medium,
second_battle_of_cambrai_b,German Empire,10000,10000,medium,
second_battle_of_cancha_rayada_b,Chile,2000,2000,medium,
second_battle_of_challans_b,Vendéens,600,600,medium,
second_battle_of_chuenpee_b,Dynastie Qing,100,467,medium,
second_battle_of_dego_b,French Republic,1500,1500,medium,
second_battle_of_dego_b,Habsburg monarchy,3000,3000,medium,
second_battle_of_elephant_pass_b,Liberation Tigers of Tamil Eelam,1000,1000,medium,
second_battle_of_elephant_pass_b,Military of Sri Lanka,1000,1000,medium,
second_battle_of_fort_sumter_b,États-Unis,117,117,medium,
second_battle_of_huachi_b,Province Libre de Guayaquil,300,500,medium,
second_battle_of_idlib_b,Armée de la conquête,132,132,medium,
second_battle_of_inonu_b,Ankara Government,1822,1822,medium,
second_battle_of_inonu_b,Kingdom of Greece,3075,3075,medium,
second_battle_of_kharkov_b,Germany,20000,30000,medium,
second_battle_of_kharkov_b,Soviet Union,277190,277190,medium,
second_battle_of_komarom_b,Hungarian Revolutionary Army,1500,1500,medium,
second_battle_of_la_puerta_b,United Provinces of Venezuela,1000,1000,medium,
second_battle_of_machecoul_b,République française,100,500,medium,
second_battle_of_machecoul_b,Vendéens,500,500,medium,
second_battle_of_ndjamena_b,FROLINAT,5000,10000,medium,
second_battle_of_noirmoutier_b,République française,200,800,medium,
second_battle_of_orleans_b,France,3000,3000,medium,
second_battle_of_orleans_b,North German Confederation,1600,1600,medium,
second_battle_of_polotsk_b,French Empire,6000,8000,medium,
second_battle_of_polotsk_b,Russian Empire,8000,12000,medium,
second_battle_of_porto_b,France,2200,2200,medium,
second_battle_of_swat_b,TTP,2088,2088,medium,
second_battle_of_tembien_b,Ethiopia,8000,8000,medium,
second_battle_of_the_java_sea_b,United States Navy,800,800,medium,
second_battle_of_the_masurian_lakes_b,Germany,20000,20000,medium,
second_battle_of_the_masurian_lakes_b,Russia,135189,135189,medium,
second_battle_of_tuyuti_b,Paraguay,2889,2889,medium,
second_battle_of_verrettes_b,Royalistes,130,130,medium,
second_battle_of_wissembourg_b,Austria,1500,1500,medium,
second_battle_of_zurich_b,French Republic,4000,4000,medium,
second_battle_of_zurich_b,Russian Empire,8000,8000,medium,
second_italian_campaign_b,France,10600,19900,medium,
second_italian_campaign_b,Habsburg monarchy,21427,26616,medium,
second_siege_of_gerona_b,Французская империя,271,271,medium,
second_siege_of_zaragoza_b,France,6000,6000,medium,
second_siege_of_zaragoza_b,Spain,30000,30000,medium,
seoul_second_b,North Korea,14000,14000,medium,loc_primary_timeline
september_2015_marib_toshka_missile_attack_b,Йемен,103,103,medium,
serbian_campaign_b,Allies,450000,450000,medium,
serbian_campaign_b,Central Powers,380000,380000,medium,
seven_days_battles_b,Confederate States (Confederacy),20204,20204,medium,
seven_days_battles_b,United States,15855,15855,medium,
seven_days_to_the_river_rhine_b,Pacte de Varsovie,2000000,2000000,medium,
shatoy_ambush_b,Russie,223,223,medium,
shenandoah_valley_campaign_b,Confederate States of America,2677,2677,medium,
shenandoah_valley_campaign_b,United States of America,7000,7000,medium,
siege_of_abadan_b,Iran,3000,3000,medium,
siege_of_abadan_b,Iraq,1500,1500,medium,
siege_of_aintab_b,France,1600,1600,medium,
siege_of_aintab_b,Kuva-yi Milliye,6317,6317,medium,
siege_of_alexandria_b,France,2000,2000,medium,
siege_of_badajoz_b,French Empire,1300,1500,medium,
siege_of_badajoz_b,United Kingdom,4760,4924,medium,
siege_of_basra_b,Iran,40000,40000,medium,
siege_of_basra_b,Iraq,10000,10000,medium,
siege_of_beirut_b,Israël,368,2383,medium,
siege_of_belfort_b,French Republic,4800,4800,medium,
siege_of_belfort_b,North German Confederation,2200,2200,medium,
siege_of_bihac_b,Bosnia and Herzegovina,3000,3000,medium,
siege_of_bihac_b,Republika Srpska,1500,1700,medium,
siege_of_boston_b,Great Britain,1000,1000,medium,
siege_of_breslau_b,Germany,55000,55000,medium,
siege_of_breslau_b,Soviet Union,31500,31500,medium,
siege_of_budapest_b,Germany,137000,137000,medium,
siege_of_budapest_b,Soviet Union,100000,160000,medium,
siege_of_cadiz_b,France,4500,5500,medium,
siege_of_cadiz_b,Spain,3706,3706,medium,
siege_of_calais_b,United Kingdom,3500,3500,medium,
siege_of_charleston_b,United States,5466,5466,medium,
siege_of_ciudad_rodrigo_b,French Empire,1000,1471,medium,
siege_of_ciudad_rodrigo_b,United Kingdom,1100,1378,medium,
siege_of_corfu_b,France,1000,1000,medium,
siege_of_corinth_b,Confederate States,1000,1000,medium,
siege_of_corinth_b,United States,1000,1000,medium,
siege_of_daraa_b,Syrian Opposition,1000,1000,medium,
siege_of_deir_ez_zor_b,Islamic State,1430,1970,medium,
siege_of_delhi_b,British Empire,1254,1254,medium,
siege_of_delhi_b,Mughal Empire,5000,5000,medium,
siege_of_eshowe_b,Zulu Kingdom,1000,1000,medium,
siege_of_genoa_b,France,4000,8000,medium,
siege_of_genoa_b,Habsburg monarchy,6000,6500,medium,
siege_of_gijon_b,Camp nationaliste,180,180,medium,
siege_of_girona_b,France,14000,14000,medium,
siege_of_girona_b,Spain,5000,5000,medium,
siege_of_graudenz_b,Французская империя,761,826,medium,
siege_of_homs_b,Syrian Government,2012,2012,medium,
siege_of_homs_b,Syrian Opposition,2000,2200,medium,
siege_of_izmail_b,Ottoman Empire,41999,41999,medium,
siege_of_izmail_b,Russian Empire,4582,4582,medium,
siege_of_kars_b,Ottoman Empire,18500,18500,medium,
siege_of_kars_b,Russian Empire,6500,7478,medium,
siege_of_khartoum_b,Khédivat d'Égypte,7000,7000,medium,
siege_of_kobani_b,Islamic State,1422,1422,medium,
siege_of_kolberg_b,French Empire,5000,5000,medium,
siege_of_kolberg_b,Prussia,3000,3000,medium,
siege_of_ladysmith_b,Empire britannique,800,850,medium,
siege_of_lankaran_b,Qajar Iran,3737,3737,medium,
siege_of_lazarevsky_b,Российская империя,150,150,medium,
siege_of_le_quesnoy_b,Monarchie de Habsbourg,2800,2800,medium,
siege_of_leningrad_b,Germany,579985,579985,medium,
siege_of_leningrad_b,Soviet Union,3473066,3473066,medium,
siege_of_lucknow_b,East India Company,2500,2500,medium,
siege_of_luxembourg_b,Habsburg monarchy,1200,1200,medium,
siege_of_madrid_b,Nationalist Spain,5000,5000,medium,
siege_of_madrid_b,Spanish Republic,5000,5000,medium,
siege_of_mafeking_b,South African Republic,2000,2000,medium,
siege_of_mainz_b,France,4000,4000,medium,
siege_of_mainz_b,Holy Roman Empire,3000,3000,medium,
siege_of_malta_1940_b,Italy,2304,2304,medium,
siege_of_malta_1940_b,United Kingdom,2301,2301,medium,
siege_of_malta_b,France,4000,4000,medium,
siege_of_mantua_b,Austria,16333,16333,medium,
siege_of_mantua_b,France,7000,7000,medium,
siege_of_metz_b,French Empire,12481,12481,medium,
siege_of_metz_b,North German Confederation,5740,5740,medium,
siege_of_ochakov_b,Ottoman Empire,12700,13500,medium,
siege_of_ochakov_b,Russia,2785,3000,medium,
siege_of_odesa_1941_b,Romania,92545,92545,medium,
siege_of_odesa_1941_b,Soviet Union,60000,60000,medium,
siege_of_paris_b,Government of National Defence,24000,24000,medium,
siege_of_paris_b,North German Confederation,16000,16000,medium,
siege_of_pensacola_b,Great Britain,1373,1373,medium,
siege_of_petersburg_b,Confederate States,28000,28000,medium,
siege_of_petersburg_b,United States,42000,42000,medium,
siege_of_petropavlovsk_b,Empire britannique,157,157,medium,
siege_of_plevna_b,Ottoman Empire,25000,25000,medium,
siege_of_plevna_b,Russian Empire,50000,50000,medium,
siege_of_port_arthur_b,Empire of Japan,91549,91549,medium,
siege_of_port_arthur_b,Russian Empire,55675,55675,medium,
siege_of_przemysl_b,Austria-Hungary,137000,137000,medium,
siege_of_przemysl_b,Russian Empire,115000,115000,medium,
siege_of_san_sebastian_b,France,1900,1900,medium,
siege_of_san_sebastian_b,United Kingdom,1200,1200,medium,
siege_of_savannah_b,France,244,584,medium,
siege_of_scutari_b,Serbia,9438,9438,medium,
siege_of_seringapatam_b,East India Company,1400,1400,medium,
siege_of_seringapatam_b,Mysore,6000,6000,medium,
siege_of_sevastopol_1941_b,Germany,1941,1941,medium,
siege_of_sevastopol_1941_b,Soviet Union,1941,1941,medium,
siege_of_sevastopol_b,France,10240,10240,medium,
siege_of_sevastopol_b,Russia,102000,102000,medium,
siege_of_silistra_1854_b,Ottoman Empire,1400,1400,medium,
siege_of_silistra_1854_b,Russian Empire,10000,10000,medium,
siege_of_stralsund_1807_b,Empire français,998,998,medium,
siege_of_strasbourg_b,French Empire,23000,23000,medium,
siege_of_sveaborg_b,Sweden,7500,7500,medium,
siege_of_the_alcazar_b,Camp nationaliste,455,455,medium,
siege_of_toulon_b,France,1700,1700,medium,
siege_of_toulon_b,French Royalists,1500,1500,medium,
siege_of_tripolitsa_b,Ottoman Empire,8000,8000,medium,
siege_of_warsaw_b,Germany,5000,5000,medium,
siege_of_warsaw_b,Poland,5000,5000,medium,
skirmish_of_pastrengo_b,Monarchie de Habsbourg,147,400,medium,
soviet_invasion_of_manchuria_b,Japan,21389,21389,medium,
soviet_invasion_of_manchuria_b,Soviet Union,9780,12031,medium,
soviet_invasion_of_poland_b,Poland,343000,477000,medium,
soviet_invasion_of_poland_b,Soviet Union,3858,13000,medium,
soviet_invasion_of_south_sakhalin_b,Japan,2000,2000,medium,
soviet_invasion_of_south_sakhalin_b,Soviet Union,1191,1191,medium,
soviet_occupation_of_bessarabia_and_northern_bukovina_b,Romania,40000,40000,medium,
spring_offensive_b,France,433000,433000,medium,
spring_offensive_b,German Empire,688341,688341,medium,
st_clairs_defeat_b,États-Unis,258,952,medium,
st_mihiel_b,German Empire,22500,22500,medium,abmc_world_wars
st_mihiel_b,United States,7000,7000,medium,abmc_world_wars
suiyuan_campaign_b,Gouvernement militaire mongol,7000,7000,medium,
swiss_campaign_of_suvorov_b,Russia,1600,1600,medium,
tajbeg_palace_assault_b,Afghanistan,2203,2203,medium,
tal_afar_offensive_b,Iraq,1100,1100,medium,
tal_afar_offensive_b,Islamic State,2000,2000,medium,
tambov_rebellion_b,Green armies,50000,50000,medium,
tartu_offensive_b,Union soviétique,16292,55514,medium,
tet_b,North Vietnam,45000,45000,medium,loc_primary_timeline
tet_b,South Vietnam,4954,4954,medium,loc_primary_timeline
third_battle_of_kharkov_b,Germany,4500,4500,medium,
third_battle_of_kharkov_b,Soviet Union,45219,45219,medium,
third_battle_of_komarom_b,Hungarian Revolutionary Army,1500,1500,medium,
third_battle_of_nanking_b,Qing Dynasty,10000,10000,medium,
third_battle_of_nanking_b,Taiping Heavenly Kingdom,100000,100000,medium,
third_battle_of_seoul_b,China,5800,5800,medium,
third_battle_of_ypres_b,British Empire,240000,448614,medium,
third_battle_of_ypres_b,German Empire,217000,400000,medium,
third_siege_of_missolonghi_b,First Hellenic Republic,8000,8000,medium,
tikhvin_offensive_b,Germany,45000,45000,medium,
tikhvin_offensive_b,Soviet Union,190000,190000,medium,
tora_bora_b,Émirat islamique d'Afghanistan,200,200,medium,
trenton_b,Hesse,913,913,medium,
turkish_involvement_in_the_syrian_civil_war_b,Islamic State,3000,3000,medium,
turkish_involvement_in_the_syrian_civil_war_b,Syrian Arab Republic,3000,3000,medium,
turkish_involvement_in_the_syrian_civil_war_b,Syrian Democratic Forces,2365,2365,medium,
turkish_involvement_in_the_syrian_civil_war_b,Turkey,3109,3109,medium,
tyrolean_rebellion_b,France,5000,5000,medium,
tyrolean_rebellion_b,Tyrolean,12250,12250,medium,
ulm_campaign_b,Austria,10000,10000,medium,
ulm_campaign_b,France,6000,6000,medium,
united_nations_operation_in_somalia_ii_b,Somali National Alliance,2000,13000,medium,
united_states_invasion_of_afghanistan_b,Islamic Emirate of Afghanistan,8000,12000,medium,
united_states_invasion_of_panama_b,Panama,1908,1908,medium,
united_states_military_buildup_in_the_caribbean_during_operation_southern_spear_b,Venezuela,115,115,medium,
united_states_occupation_of_haiti_b,Haitian rebels,2000,2000,medium,
united_states_occupation_of_nicaragua_b,Liberal Party,1912,1925,medium,
united_states_occupation_of_nicaragua_b,United States,1912,1925,medium,
upper_silesian_offensive_b,Soviet Union,66801,66801,medium,
uss_constellation_vs_la_vengeance_b,République française,110,160,medium,
uss_constellation_vs_linsurgente_b,République française,330,330,medium,
veracruz_b,Mexico,3000,3000,medium,nara_milestone_docs
vicksburg_b,Confederate States,32697,32697,medium,nps_civil_war
vicksburg_b,United States,4835,4835,medium,nps_civil_war
vicksburg_campaign_b,Confederate States,38586,38586,medium,
vicksburg_campaign_b,United States,10142,10142,medium,
victoria_de_paraguay_b,Paraguay,3500,3500,medium,
vienna_offensive_b,Germany,30000,30000,medium,
vienna_offensive_b,Soviet Union,167940,167940,medium,
vietnamese_border_raids_in_thailand_b,Thailand,10000,15000,medium,
vilna_offensive_b,Russian SFSR,1000,1000,medium,
vistula_oder_offensive_b,Germany,626000,626000,medium,
vistula_oder_offensive_b,Soviet Union,43476,43476,medium,
voronezh_kastornoye_offensive_b,Germany,58000,58000,medium,
voronezh_kastornoye_offensive_b,Soviet Union,75000,75000,medium,
vyazemsky_operation_b,Soviet Union,1242,1242,medium,
vyborg_petrozavodsk_offensive_b,Finland,9300,9300,medium,
vyborg_petrozavodsk_offensive_b,Soviet Union,6018,6018,medium,
walcheren_campaign_b,France,8000,8000,medium,
walcheren_campaign_b,United Kingdom,3500,4066,medium,
war_against_the_islamic_state_b,CJTF–OIR,70000,70000,medium,
war_against_the_islamic_state_b,Islamic State,80000,80000,medium,
western_libya_campaign_b,Government of National Accord,2019,2019,medium,
yakut_revolt_b,Красные,103,1923,medium,
yangtze_river_crossing_campaign_b,Chinese Communist Party,60000,60000,medium,
yangtze_river_crossing_campaign_b,Republic of China,430000,430000,medium,
yorktown_b,Great Britain,7416,7685,medium,nara_founding_docs
zagreb_rocket_attacks_b,Хорватия,170,170,medium,
zeebrugge_raid_b,Royaume-Uni de Grande-Bretagne et d'Irlande,200,300,medium,
zhejiang_jiangxi_campaign_b,China,23637,23637,medium,
zhejiang_jiangxi_campaign_b,Japan,1284,1284,medium,
zhitomir_berdichev_offensive_b,Germany,1943,1943,medium,
zhitomir_berdichev_offensive_b,Soviet Union,23163,23163,medium,
